fold,model,n_train,R2
0,TabPFN,10,0.8321850001807372
0,RF,10,0.8228538617884343
0,XGBoost,10,0.4003355082364234
0,SVR,10,0.1724944178572292
0,Ridge,10,0.3215854676011426
0,GBR,10,0.8346856010312265
0,MLP,10,-1.4475915953215215
0,TabPFN,15,0.7065390162710646
0,RF,15,0.736324367726317
0,XGBoost,15,0.43324078209428407
0,SVR,15,0.5884589792482289
0,Ridge,15,0.31815314240156856
0,GBR,15,0.6806979758015442
0,MLP,15,-1.2027802329039878
0,TabPFN,20,0.7321024337016675
0,RF,20,0.7881643878345052
0,XGBoost,20,0.49091596337359955
0,SVR,20,0.30860328735884335
0,Ridge,20,0.07775056384184553
0,GBR,20,0.7047659406983378
0,MLP,20,0.36189101634178666
0,TabPFN,25,0.8740302286680349
0,RF,25,0.8748183939127312
0,XGBoost,25,0.8497184746411667
0,SVR,25,0.456516481544475
0,Ridge,25,0.5989304175206945
0,GBR,25,0.8724889958864456
0,MLP,25,0.40119681811225094
0,TabPFN,30,0.8905946317880915
0,RF,30,0.8684062340250726
0,XGBoost,30,0.8819193853566387
0,SVR,30,0.6105288616806177
0,Ridge,30,0.6149464162070517
0,GBR,30,0.8661196117230304
0,MLP,30,0.7493540609874253
0,TabPFN,35,0.9526967222245087
0,RF,35,0.9258729839993679
0,XGBoost,35,0.9076149273287686
0,SVR,35,0.6985056187794425
0,Ridge,35,0.6235988606846051
0,GBR,35,0.8769559357285351
0,MLP,35,0.0672010469481158
0,TabPFN,40,0.9260120333407905
0,RF,40,0.8962932116450384
0,XGBoost,40,0.880144205919581
0,SVR,40,0.5695156256741563
0,Ridge,40,0.5109183846805776
0,GBR,40,0.8928836058428481
0,MLP,40,-0.6152699041257259
0,TabPFN,45,0.9368470200261018
0,RF,45,0.9151514637906604
0,XGBoost,45,0.9149979140117073
0,SVR,45,0.601369265250149
0,Ridge,45,0.4551808215862362
0,GBR,45,0.8840381102229082
0,MLP,45,-0.47730908507125447
0,TabPFN,48,0.9371796080114358
0,RF,48,0.9142565543301591
0,XGBoost,48,0.9126820232413737
0,SVR,48,0.6903383014837048
0,Ridge,48,0.5530995732722843
0,GBR,48,0.8803258562689942
0,MLP,48,-0.4891539052362055
1,TabPFN,10,0.7962336279368498
1,RF,10,0.7301230835031021
1,XGBoost,10,0.7223948269002622
1,SVR,10,0.5047748300579724
1,Ridge,10,0.3233065139587703
1,GBR,10,0.859803053233555
1,MLP,10,-0.3025721306646112
1,TabPFN,15,0.871533885783258
1,RF,15,0.7201534202399358
1,XGBoost,15,0.3023793305018745
1,SVR,15,0.38687568098042113
1,Ridge,15,0.36341501086823025
1,GBR,15,0.6241343494994778
1,MLP,15,-1.037571561398381
1,TabPFN,20,0.6151627080419855
1,RF,20,0.8137066121379891
1,XGBoost,20,0.8100524359669798
1,SVR,20,0.6784585894234135
1,Ridge,20,0.06147073710046436
1,GBR,20,0.7466117444564355
1,MLP,20,-0.6430408455203169
1,TabPFN,25,0.8794064627460311
1,RF,25,0.8143166808855524
1,XGBoost,25,0.764925352748607
1,SVR,25,0.6523454385167261
1,Ridge,25,0.006131110191497036
1,GBR,25,0.7242521151080071
1,MLP,25,-3.5502235506250237
1,TabPFN,30,0.8646733656280007
1,RF,30,0.858804978465622
1,XGBoost,30,0.887920815381304
1,SVR,30,0.46902884065411454
1,Ridge,30,-0.26839782287403424
1,GBR,30,0.8269462620551804
1,MLP,30,-1.7275525964379064
1,TabPFN,35,0.8270005037009809
1,RF,35,0.7962838714806548
1,XGBoost,35,0.7877800609637803
1,SVR,35,0.5004633548364325
1,Ridge,35,0.10239524917833664
1,GBR,35,0.7379006254961147
1,MLP,35,-2.071412571115819
1,TabPFN,40,0.866492763419788
1,RF,40,0.8401028192440039
1,XGBoost,40,0.8129665556433733
1,SVR,40,0.5901655846550016
1,Ridge,40,0.2497635476357727
1,GBR,40,0.7962351441779556
1,MLP,40,-1.2552676725552554
1,TabPFN,45,0.8728323572441905
1,RF,45,0.875334785288679
1,XGBoost,45,0.8065763890507962
1,SVR,45,0.6707130441749505
1,Ridge,45,0.14271577029193117
1,GBR,45,0.82952856734074
1,MLP,45,-0.29077557017483024
1,TabPFN,48,0.8639332935438505
1,RF,48,0.838989470725436
1,XGBoost,48,0.8157888157114059
1,SVR,48,0.5664188915963498
1,Ridge,48,0.0545281479593408
1,GBR,48,0.7745852201969378
1,MLP,48,-0.3369906941853349
2,TabPFN,10,0.8639229878282599
2,RF,10,0.7625301846608553
2,XGBoost,10,0.7841167634732862
2,SVR,10,0.4973545458741754
2,Ridge,10,-0.028598707227680098
2,GBR,10,0.8299758273711582
2,MLP,10,-0.8567149062409698
2,TabPFN,15,0.8526758655575095
2,RF,15,0.8166583223761716
2,XGBoost,15,0.4040131199811424
2,SVR,15,0.6467429374911484
2,Ridge,15,0.5093880675747053
2,GBR,15,0.833348417466746
2,MLP,15,0.3459547614675673
2,TabPFN,20,0.9220096488565839
2,RF,20,0.8793985066844932
2,XGBoost,20,0.8792756356652884
2,SVR,20,0.8115917198016478
2,Ridge,20,0.701430157992343
2,GBR,20,0.918707486330166
2,MLP,20,-0.42329820008066377
2,TabPFN,25,0.8615172015792433
2,RF,25,0.8208047157264199
2,XGBoost,25,0.7882033115987215
2,SVR,25,0.8134744498767499
2,Ridge,25,0.7443221400094471
2,GBR,25,0.7031646922443968
2,MLP,25,0.06616217902060995
2,TabPFN,30,0.8995162564058092
2,RF,30,0.881481488479001
2,XGBoost,30,0.9028988426486306
2,SVR,30,0.8285390751303232
2,Ridge,30,0.7153537764157514
2,GBR,30,0.87789188111349
2,MLP,30,-0.8880149184973898
2,TabPFN,35,0.9546713821163862
2,RF,35,0.9112979986962985
2,XGBoost,35,0.8556025262401108
2,SVR,35,0.7278744768616024
2,Ridge,35,0.7587491761811327
2,GBR,35,0.9231434763691364
2,MLP,35,0.9270583418164625
2,TabPFN,40,0.9278371039102222
2,RF,40,0.9006964691247845
2,XGBoost,40,0.8818563297745948
2,SVR,40,0.829894254932882
2,Ridge,40,0.7425974807738521
2,GBR,40,0.924377136071412
2,MLP,40,0.2981762687222478
2,TabPFN,45,0.9234730769099867
2,RF,45,0.9070945298503821
2,XGBoost,45,0.8944921176466323
2,SVR,45,0.8423481719225883
2,Ridge,45,0.7328865290563906
2,GBR,45,0.9163118690435852
2,MLP,45,0.9252326199291551
2,TabPFN,48,0.9359557514993654
2,RF,48,0.9153273555156946
2,XGBoost,48,0.9038120388137354
2,SVR,48,0.8400467782350622
2,Ridge,48,0.7296238221102003
2,GBR,48,0.9235869874728554
2,MLP,48,0.8709451345436637
3,TabPFN,10,0.9150870540540061
3,RF,10,0.9237723259645406
3,XGBoost,10,0.7369404010581326
3,SVR,10,0.49021258889541675
3,Ridge,10,-0.651232435710019
3,GBR,10,0.7937440565151749
3,MLP,10,-0.24141048688346012
3,TabPFN,15,0.9315782480538897
3,RF,15,0.8999952361473097
3,XGBoost,15,0.9441505679040693
3,SVR,15,0.6770997922947258
3,Ridge,15,0.24287860752765145
3,GBR,15,0.9099543184820925
3,MLP,15,-2.983837893417557
3,TabPFN,20,0.9054435636950147
3,RF,20,0.9193218196043866
3,XGBoost,20,0.8784344742731537
3,SVR,20,0.6043387530140768
3,Ridge,20,-0.11065362847440219
3,GBR,20,0.840923085033243
3,MLP,20,-0.6288128051144799
3,TabPFN,25,0.9492057841252743
3,RF,25,0.9495617022342371
3,XGBoost,25,0.9254629899185656
3,SVR,25,0.666215799216834
3,Ridge,25,0.5787962068689496
3,GBR,25,0.9080964471219696
3,MLP,25,0.7964243786391271
3,TabPFN,30,0.9757202005795133
3,RF,30,0.954954447883458
3,XGBoost,30,0.9433347105337773
3,SVR,30,0.5455066029957929
3,Ridge,30,0.11492536450390134
3,GBR,30,0.917245158326327
3,MLP,30,0.7083430663294339
3,TabPFN,35,0.9633697317188729
3,RF,35,0.9128808547130236
3,XGBoost,35,0.9256766101102957
3,SVR,35,0.683437400460432
3,Ridge,35,0.5050358063899226
3,GBR,35,0.8707516718333707
3,MLP,35,0.7908332972099609
3,TabPFN,40,0.9721104347353327
3,RF,40,0.89904746000707
3,XGBoost,40,0.9257167884840601
3,SVR,40,0.6737638510930952
3,Ridge,40,0.6381624845012124
3,GBR,40,0.8471186108044682
3,MLP,40,0.5486458936470867
3,TabPFN,45,0.9726542268836899
3,RF,45,0.9207361827736753
3,XGBoost,45,0.9288234605452665
3,SVR,45,0.6910631615099754
3,Ridge,45,0.5386448884982051
3,GBR,45,0.8950243677296602
3,MLP,45,0.8736082034637427
3,TabPFN,48,0.9722050361743378
3,RF,48,0.9185027654770137
3,XGBoost,48,0.9379722753906692
3,SVR,48,0.70024990547464
3,Ridge,48,0.5350519662747447
3,GBR,48,0.8834720575698581
3,MLP,48,0.7628466626070408
4,TabPFN,10,0.8285917831351359
4,RF,10,0.7690914574574161
4,XGBoost,10,0.55719133970441
4,SVR,10,0.6498205307519853
4,Ridge,10,0.5106941861616765
4,GBR,10,0.6986107985444207
4,MLP,10,-0.8795489459120411
4,TabPFN,15,0.8426300719060443
4,RF,15,0.878312596800168
4,XGBoost,15,0.6375627263136486
4,SVR,15,0.6685204570589569
4,Ridge,15,0.7459853700081451
4,GBR,15,0.7837551686740114
4,MLP,15,-0.5666670882375429
4,TabPFN,20,0.8675281133508472
4,RF,20,0.904528769445643
4,XGBoost,20,0.5363805388259544
4,SVR,20,0.7224192258467799
4,Ridge,20,0.7183106773286267
4,GBR,20,0.7216307744883319
4,MLP,20,0.5496868255925516
4,TabPFN,25,0.8358584523031615
4,RF,25,0.8447478801135958
4,XGBoost,25,0.9096960019776296
4,SVR,25,0.5946347134503135
4,Ridge,25,0.27685515884546796
4,GBR,25,0.7535903988749023
4,MLP,25,-4.53684528500259
4,TabPFN,30,0.8510852163727637
4,RF,30,0.8399642936210742
4,XGBoost,30,0.8809691032047026
4,SVR,30,0.76591797384785
4,Ridge,30,0.633858616730139
4,GBR,30,0.7412563380984223
4,MLP,30,0.6838102379398268
4,TabPFN,35,0.871600677612611
4,RF,35,0.8864579363340682
4,XGBoost,35,0.924114515645385
4,SVR,35,0.7536401326389335
4,Ridge,35,0.6693623340170942
4,GBR,35,0.7302999377996624
4,MLP,35,-0.8052043546207919
4,TabPFN,40,0.8588792698480701
4,RF,40,0.8357267475657861
4,XGBoost,40,0.9089568529733209
4,SVR,40,0.8168132552681796
4,Ridge,40,0.7044980935452011
4,GBR,40,0.7108847967124662
4,MLP,40,0.7242917124389563
4,TabPFN,45,0.8536368879618457
4,RF,45,0.8363536587315047
4,XGBoost,45,0.905880274190072
4,SVR,45,0.7682678423158181
4,Ridge,45,0.7017997996644091
4,GBR,45,0.7313344785341425
4,MLP,45,-0.7386826784155547
4,TabPFN,48,0.8554173717176968
4,RF,48,0.8234075465510353
4,XGBoost,48,0.9032347825690777
4,SVR,48,0.764385263208011
4,Ridge,48,0.7143682786272146
4,GBR,48,0.7276792137374748
4,MLP,48,0.40173488054659334
5,TabPFN,10,0.7354223214709583
5,RF,10,0.6449882767197734
5,XGBoost,10,0.8125508187263022
5,SVR,10,0.2750408419357031
5,Ridge,10,0.2103434563455997
5,GBR,10,0.8239629350378219
5,MLP,10,-0.5888006019599763
5,TabPFN,15,0.8613858531026632
5,RF,15,0.8827998342403529
5,XGBoost,15,0.8698370598119913
5,SVR,15,0.7899858518577478
5,Ridge,15,0.4214841570700689
5,GBR,15,0.9096710466629145
5,MLP,15,-0.4660284252798177
5,TabPFN,20,0.9015314099529242
5,RF,20,0.9076090545053248
5,XGBoost,20,0.7945063199038185
5,SVR,20,0.7174340236267243
5,Ridge,20,0.351312277865631
5,GBR,20,0.8987003358995747
5,MLP,20,-0.6537293565861877
5,TabPFN,25,0.7647069869525569
5,RF,25,0.8286551667724518
5,XGBoost,25,0.7712213670620557
5,SVR,25,0.49731645788449896
5,Ridge,25,0.33599214343120043
5,GBR,25,0.6994946997061281
5,MLP,25,-0.5918699216745962
5,TabPFN,30,0.896053250759487
5,RF,30,0.8175747649317845
5,XGBoost,30,0.8100450926214755
5,SVR,30,0.6241724522965784
5,Ridge,30,0.41283185072763173
5,GBR,30,0.7024577947618793
5,MLP,30,-0.04591879710895297
5,TabPFN,35,0.8616054429062248
5,RF,35,0.8890038377930214
5,XGBoost,35,0.8496349313736102
5,SVR,35,0.8041197033175829
5,Ridge,35,0.22108095628236146
5,GBR,35,0.8258073797656224
5,MLP,35,-0.5840814677263362
5,TabPFN,40,0.9122381648338633
5,RF,40,0.8375478846070477
5,XGBoost,40,0.8560089340209786
5,SVR,40,0.7822463857935106
5,Ridge,40,0.41187011818634667
5,GBR,40,0.6952018840853862
5,MLP,40,-0.3883694539843179
5,TabPFN,45,0.9118104854664785
5,RF,45,0.8684218033756097
5,XGBoost,45,0.8629746903456537
5,SVR,45,0.7770366761224339
5,Ridge,45,0.43713990251533696
5,GBR,45,0.7243003284702365
5,MLP,45,0.40032966920752966
5,TabPFN,48,0.9041694640578372
5,RF,48,0.8239579810921641
5,XGBoost,48,0.8366430163385785
5,SVR,48,0.7767449819165255
5,Ridge,48,0.39902250722228383
5,GBR,48,0.73096517381757
5,MLP,48,-0.37290555850553253
6,TabPFN,10,0.8752096596536328
6,RF,10,0.8080840029708591
6,XGBoost,10,-0.3848971363105804
6,SVR,10,0.6331035853195288
6,Ridge,10,0.35729867471530385
6,GBR,10,0.7071234733118011
6,MLP,10,-0.6526520231679587
6,TabPFN,15,0.9354696869000789
6,RF,15,0.8934924536528799
6,XGBoost,15,0.2604013279712798
6,SVR,15,0.39565606951967025
6,Ridge,15,-4.17070199120523
6,GBR,15,0.7923463617598361
6,MLP,15,-10.790035569141303
6,TabPFN,20,0.9430507954335192
6,RF,20,0.8960742143264145
6,XGBoost,20,0.9222364279985822
6,SVR,20,0.5046030674599931
6,Ridge,20,0.2716520700027728
6,GBR,20,0.9058642004607235
6,MLP,20,-2.4124280509267058
6,TabPFN,25,0.9543190666721035
6,RF,25,0.8873282530866912
6,XGBoost,25,0.7518762061467124
6,SVR,25,0.6062609706400135
6,Ridge,25,0.7262596064351645
6,GBR,25,0.8730573287180207
6,MLP,25,0.4873928997240007
6,TabPFN,30,0.9519503780886436
6,RF,30,0.8773784265557143
6,XGBoost,30,0.903921103334109
6,SVR,30,0.5656982260844963
6,Ridge,30,0.39987255662791676
6,GBR,30,0.8268296672362336
6,MLP,30,-0.12245369003648232
6,TabPFN,35,0.9575844600456296
6,RF,35,0.8926771371280102
6,XGBoost,35,0.901712832044443
6,SVR,35,0.5349035593494949
6,Ridge,35,0.44527365890355897
6,GBR,35,0.8537450941888891
6,MLP,35,0.3971980678867748
6,TabPFN,40,0.9675314131902023
6,RF,40,0.9457495060068717
6,XGBoost,40,0.9292327000365669
6,SVR,40,0.7331769327364945
6,Ridge,40,0.5065770727634378
6,GBR,40,0.9078997999890989
6,MLP,40,0.7200981167601177
6,TabPFN,45,0.9713989105503493
6,RF,45,0.9289918525853484
6,XGBoost,45,0.9129810265523521
6,SVR,45,0.72119208272426
6,Ridge,45,0.5714004041897555
6,GBR,45,0.8610432307093343
6,MLP,45,0.7571839561389573
6,TabPFN,48,0.9697414741328644
6,RF,48,0.9327229816675355
6,XGBoost,48,0.9150543286559675
6,SVR,48,0.686043748423163
6,Ridge,48,0.5822569084606277
6,GBR,48,0.8802297914170432
6,MLP,48,-2.1023770698888704
7,TabPFN,10,0.7056222973012045
7,RF,10,0.7689734120140255
7,XGBoost,10,0.6704949045709655
7,SVR,10,0.4857711605734216
7,Ridge,10,0.4041248758861571
7,GBR,10,0.8193115131039905
7,MLP,10,-0.025508909542046876
7,TabPFN,15,0.8257002822018827
7,RF,15,0.820953287793186
7,XGBoost,15,0.5894739686667279
7,SVR,15,0.2120989220243843
7,Ridge,15,-1.037416566496117
7,GBR,15,0.9010416927389804
7,MLP,15,-0.5150708796730856
7,TabPFN,20,0.8713794082789519
7,RF,20,0.8445177169451279
7,XGBoost,20,0.5359884609937465
7,SVR,20,0.6279050963607289
7,Ridge,20,0.6393016742634928
7,GBR,20,0.8194075938026782
7,MLP,20,-0.092960518455798
7,TabPFN,25,0.8984037877494748
7,RF,25,0.8572073681054424
7,XGBoost,25,0.9122518942983896
7,SVR,25,0.6438005985033763
7,Ridge,25,0.5151509241030001
7,GBR,25,0.8777432652101493
7,MLP,25,0.12812507188556765
7,TabPFN,30,0.8427811493829116
7,RF,30,0.822995423747979
7,XGBoost,30,0.8965979238677407
7,SVR,30,0.5552644407668895
7,Ridge,30,0.6855176598107391
7,GBR,30,0.8264503597259979
7,MLP,30,0.2891905721929159
7,TabPFN,35,0.8781065391001659
7,RF,35,0.8333919192134924
7,XGBoost,35,0.706245087514264
7,SVR,35,0.5963027100801276
7,Ridge,35,0.521511870296234
7,GBR,35,0.7421964504778189
7,MLP,35,0.39603104155322066
7,TabPFN,40,0.9126405280952284
7,RF,40,0.8612347727034797
7,XGBoost,40,0.8919325333949627
7,SVR,40,0.7767733849405022
7,Ridge,40,0.6020016085405859
7,GBR,40,0.8788582416173926
7,MLP,40,0.6006819302651998
7,TabPFN,45,0.9029163164533297
7,RF,45,0.9024581498626315
7,XGBoost,45,0.9076292275393598
7,SVR,45,0.8053151442839711
7,Ridge,45,0.5735782938730856
7,GBR,45,0.9236011190940888
7,MLP,45,0.5391821322993944
7,TabPFN,48,0.896077862315235
7,RF,48,0.9071187891961576
7,XGBoost,48,0.9028037792031007
7,SVR,48,0.7649760317790575
7,Ridge,48,0.5724261560274582
7,GBR,48,0.9212031668900245
7,MLP,48,0.49545655650871157
8,TabPFN,10,0.752529768917873
8,RF,10,0.5837616917135899
8,XGBoost,10,0.6192134833404419
8,SVR,10,0.47420122045421254
8,Ridge,10,0.26995150204750384
8,GBR,10,0.6263889271357246
8,MLP,10,-0.8668819529680865
8,TabPFN,15,0.9381097799151773
8,RF,15,0.8487571202025996
8,XGBoost,15,0.7866928352619874
8,SVR,15,0.7028714649420231
8,Ridge,15,0.6777659664728173
8,GBR,15,0.8255803167878866
8,MLP,15,-1.4363754147519772
8,TabPFN,20,0.9072651177215962
8,RF,20,0.8590879050287245
8,XGBoost,20,0.7918679922458498
8,SVR,20,0.8538030461643051
8,Ridge,20,0.5964303729374988
8,GBR,20,0.8297848395355653
8,MLP,20,-1.8797484638801354
8,TabPFN,25,0.9224257630251159
8,RF,25,0.8712012115306409
8,XGBoost,25,0.8571776479879626
8,SVR,25,0.8174805988160088
8,Ridge,25,0.6279357637366736
8,GBR,25,0.8800036409051136
8,MLP,25,0.5168627387245843
8,TabPFN,30,0.9127798701577965
8,RF,30,0.8586391222425649
8,XGBoost,30,0.7812567015041239
8,SVR,30,0.7944853194683067
8,Ridge,30,0.6562453045044241
8,GBR,30,0.8051498389031051
8,MLP,30,0.7294348174850269
8,TabPFN,35,0.942928153269234
8,RF,35,0.8734417930781415
8,XGBoost,35,0.8737409556642245
8,SVR,35,0.874844002786437
8,Ridge,35,0.775225954809664
8,GBR,35,0.8339701040460403
8,MLP,35,0.5387141854172612
8,TabPFN,40,0.9523047416054468
8,RF,40,0.899467980592457
8,XGBoost,40,0.8641966381585491
8,SVR,40,0.8700467644368803
8,Ridge,40,0.7570609645018805
8,GBR,40,0.8788128846967405
8,MLP,40,0.8806435315051561
8,TabPFN,45,0.9367410774373124
8,RF,45,0.8735040410268908
8,XGBoost,45,0.8763499903761385
8,SVR,45,0.8711711167798348
8,Ridge,45,0.7096463297881801
8,GBR,45,0.8599552281477061
8,MLP,45,-0.30947523331800153
8,TabPFN,48,0.9421784232805941
8,RF,48,0.8838800922285839
8,XGBoost,48,0.8752838107122957
8,SVR,48,0.8474224642906669
8,Ridge,48,0.7198414274069473
8,GBR,48,0.8605959347772465
8,MLP,48,-1.004468074061995
9,TabPFN,10,0.37411702899776256
9,RF,10,0.2706180243875759
9,XGBoost,10,0.7047712885657972
9,SVR,10,-0.7799044273051012
9,Ridge,10,-0.7884338973398761
9,GBR,10,0.7181632845502868
9,MLP,10,-5.872163628794517
9,TabPFN,15,0.6023908306898951
9,RF,15,0.7267566970132564
9,XGBoost,15,0.6412321670971013
9,SVR,15,-0.05599067710322303
9,Ridge,15,-0.7034406860740248
9,GBR,15,0.8589777279890312
9,MLP,15,-18.495465797420742
9,TabPFN,20,0.8219388542215637
9,RF,20,0.8220085533401085
9,XGBoost,20,0.6001080313780138
9,SVR,20,0.3839321259090924
9,Ridge,20,-0.9155374616843188
9,GBR,20,0.7503739717190363
9,MLP,20,-4.8641656070551695
9,TabPFN,25,0.8569460969341653
9,RF,25,0.8638894828215382
9,XGBoost,25,0.638893126123526
9,SVR,25,0.46756472626646073
9,Ridge,25,-0.37052947692676463
9,GBR,25,0.8798901030053834
9,MLP,25,-3.0010690905546236
9,TabPFN,30,0.8962742001446969
9,RF,30,0.924751854072438
9,XGBoost,30,0.8021000518645212
9,SVR,30,0.41264942582631303
9,Ridge,30,0.19537303586993837
9,GBR,30,0.9250682343478989
9,MLP,30,0.4879801916371186
9,TabPFN,35,0.9314270276277115
9,RF,35,0.9334710696621787
9,XGBoost,35,0.8124407743377408
9,SVR,35,0.4738619930561516
9,Ridge,35,0.324789035872604
9,GBR,35,0.9234626290400085
9,MLP,35,0.5620878745265256
9,TabPFN,40,0.9414901131599808
9,RF,40,0.9585824584517211
9,XGBoost,40,0.8344383043676734
9,SVR,40,0.5218574875030444
9,Ridge,40,0.3498961381811905
9,GBR,40,0.914188629588415
9,MLP,40,0.7786698330628246
9,TabPFN,45,0.9223738178664435
9,RF,45,0.9209083413838051
9,XGBoost,45,0.8134758154064295
9,SVR,45,0.3258153336269677
9,Ridge,45,-0.3501254953847328
9,GBR,45,0.9259588687480915
9,MLP,45,0.22594457103797538
9,TabPFN,48,0.9326042145325485
9,RF,48,0.934614785285096
9,XGBoost,48,0.8412961762345058
9,SVR,48,0.41048236985851105
9,Ridge,48,0.30403851938369775
9,GBR,48,0.9349674566416433
9,MLP,48,0.6420687081232661
10,TabPFN,10,0.3435789445521319
10,RF,10,0.5391738108133441
10,XGBoost,10,0.8470776257474637
10,SVR,10,-0.013945231671387281
10,Ridge,10,0.31688907214314865
10,GBR,10,0.7875417539170965
10,MLP,10,-0.4814201217235665
10,TabPFN,15,0.9038638407925546
10,RF,15,0.8419269362552378
10,XGBoost,15,0.8633227560021106
10,SVR,15,0.5488017536587562
10,Ridge,15,0.5521220037139776
10,GBR,15,0.8438541369763266
10,MLP,15,0.23326495703706507
10,TabPFN,20,0.8996284146824434
10,RF,20,0.9049163270415633
10,XGBoost,20,0.8536765558441516
10,SVR,20,0.6106615072443708
10,Ridge,20,0.4093986649644169
10,GBR,20,0.8481477439376647
10,MLP,20,-0.6414833878337247
10,TabPFN,25,0.8816069320037113
10,RF,25,0.9362810825605975
10,XGBoost,25,0.8474062251543605
10,SVR,25,0.7194754715451234
10,Ridge,25,0.3022163151051044
10,GBR,25,0.9306327104649299
10,MLP,25,-0.22431607536774512
10,TabPFN,30,0.9518831395705616
10,RF,30,0.9124487411812687
10,XGBoost,30,0.8810468039078317
10,SVR,30,0.6427172538066479
10,Ridge,30,0.28639612525005276
10,GBR,30,0.8952125092252557
10,MLP,30,-0.664837461824328
10,TabPFN,35,0.9095538418361311
10,RF,35,0.9154045200899317
10,XGBoost,35,0.9322702893719508
10,SVR,35,0.7542407456138512
10,Ridge,35,0.35575376771893186
10,GBR,35,0.8853508097915934
10,MLP,35,-0.4681641285688385
10,TabPFN,40,0.8910880376323813
10,RF,40,0.9041102000641643
10,XGBoost,40,0.8775067691877596
10,SVR,40,0.8052471781226574
10,Ridge,40,0.3969288075125892
10,GBR,40,0.8591654711906449
10,MLP,40,0.4497922075370391
10,TabPFN,45,0.9183619222865741
10,RF,45,0.899682616971039
10,XGBoost,45,0.8740610044502521
10,SVR,45,0.8391473809813663
10,Ridge,45,0.3890115516196532
10,GBR,45,0.8855795501087586
10,MLP,45,-1.2094275360721314
10,TabPFN,48,0.9138936720350983
10,RF,48,0.8905154728175448
10,XGBoost,48,0.8782384606913555
10,SVR,48,0.8459187449158805
10,Ridge,48,0.42168685758827784
10,GBR,48,0.8831194550546139
10,MLP,48,0.07256598306755735
11,TabPFN,10,0.6480704322703301
11,RF,10,0.7074577749543383
11,XGBoost,10,-0.3084950578010741
11,SVR,10,0.3537116452036858
11,Ridge,10,-0.49762109228613616
11,GBR,10,0.5104378456526754
11,MLP,10,-5.946153765623785
11,TabPFN,15,0.7711024410038574
11,RF,15,0.8278294209910655
11,XGBoost,15,0.695036679941275
11,SVR,15,0.3667347143320331
11,Ridge,15,-0.04826046079850754
11,GBR,15,0.7063879649512099
11,MLP,15,-0.26752586760859653
11,TabPFN,20,0.8877849346757765
11,RF,20,0.8657385126165833
11,XGBoost,20,0.7242750557418154
11,SVR,20,0.5014798406566678
11,Ridge,20,0.20594746665616337
11,GBR,20,0.8403283552968703
11,MLP,20,-1.599988080584302
11,TabPFN,25,0.9408159452365612
11,RF,25,0.8871956942451085
11,XGBoost,25,0.7894828292868599
11,SVR,25,0.5026487330993367
11,Ridge,25,0.42335130589377024
11,GBR,25,0.8925566210653187
11,MLP,25,-1.1164704055169952
11,TabPFN,30,0.9282776989856875
11,RF,30,0.8785647087904684
11,XGBoost,30,0.7851074000123875
11,SVR,30,0.602854827727223
11,Ridge,30,0.36128080142024177
11,GBR,30,0.8854608516194595
11,MLP,30,-0.8247165987937832
11,TabPFN,35,0.9359183557618053
11,RF,35,0.9323169738024768
11,XGBoost,35,0.8390421791958579
11,SVR,35,0.389574209668342
11,Ridge,35,0.17447559574932314
11,GBR,35,0.9069679531736623
11,MLP,35,0.013338119433801698
11,TabPFN,40,0.9494309342008413
11,RF,40,0.9049326614170671
11,XGBoost,40,0.7806804913953937
11,SVR,40,0.47127002284403463
11,Ridge,40,0.34358769596015426
11,GBR,40,0.8643722046774173
11,MLP,40,0.6387661424166273
11,TabPFN,45,0.9484237192321925
11,RF,45,0.9415145540284284
11,XGBoost,45,0.8266491362143189
11,SVR,45,0.3486462133551308
11,Ridge,45,0.125333704034852
11,GBR,45,0.9214802146746007
11,MLP,45,0.534054133615215
11,TabPFN,48,0.9495055914376936
11,RF,48,0.9316710358090702
11,XGBoost,48,0.8170636101137738
11,SVR,48,0.45682848567674195
11,Ridge,48,0.26875817353429676
11,GBR,48,0.9007741620427498
11,MLP,48,0.6599182193122385
12,TabPFN,10,0.7812091731931594
12,RF,10,0.6228959073049469
12,XGBoost,10,0.6322716613324234
12,SVR,10,0.09037912308711149
12,Ridge,10,0.2734306705297268
12,GBR,10,0.5859959558649575
12,MLP,10,-2.1417311013507256
12,TabPFN,15,0.8057197100938033
12,RF,15,0.7693291024715841
12,XGBoost,15,0.777201229329733
12,SVR,15,0.5732685397761749
12,Ridge,15,0.5844627973932524
12,GBR,15,0.7306923705286986
12,MLP,15,-0.007439417902300738
12,TabPFN,20,0.838532406994835
12,RF,20,0.8154836335659004
12,XGBoost,20,0.7749929409641079
12,SVR,20,0.04568237619955373
12,Ridge,20,0.46468587409232665
12,GBR,20,0.8180443050597331
12,MLP,20,-4.2708873357684345
12,TabPFN,25,0.7623608010185539
12,RF,25,0.8301721687158278
12,XGBoost,25,0.817604291626497
12,SVR,25,0.22821574077222062
12,Ridge,25,0.42368131896939765
12,GBR,25,0.7839152669528995
12,MLP,25,-1.0765757691520275
12,TabPFN,30,0.8143323534967414
12,RF,30,0.818868532818743
12,XGBoost,30,0.8147332452523746
12,SVR,30,0.12268197709340933
12,Ridge,30,0.5428593406599549
12,GBR,30,0.8226007626355729
12,MLP,30,0.19485383562083203
12,TabPFN,35,0.8989900201028199
12,RF,35,0.8344102261567075
12,XGBoost,35,0.7916936374884409
12,SVR,35,0.16544752534357654
12,Ridge,35,0.5376191429596422
12,GBR,35,0.7947766017390241
12,MLP,35,0.8062556034892286
12,TabPFN,40,0.8655637304332235
12,RF,40,0.7991285982196152
12,XGBoost,40,0.8471236127723443
12,SVR,40,0.28081629237000494
12,Ridge,40,0.6838339111591583
12,GBR,40,0.7500118579980917
12,MLP,40,0.7141488476285871
12,TabPFN,45,0.8761922309129901
12,RF,45,0.8285913279946027
12,XGBoost,45,0.8579162665713532
12,SVR,45,0.3239675662711008
12,Ridge,45,0.7525513386037606
12,GBR,45,0.8523490712832621
12,MLP,45,-0.5511085706971472
12,TabPFN,48,0.8714689253524946
12,RF,48,0.8065179369241691
12,XGBoost,48,0.8584657198264762
12,SVR,48,0.2783455717793377
12,Ridge,48,0.7735236174759602
12,GBR,48,0.7667520151262238
12,MLP,48,0.7804067508242878
13,TabPFN,10,0.8051573123422734
13,RF,10,0.8307490255221173
13,XGBoost,10,0.6967719896588026
13,SVR,10,0.6003090244487806
13,Ridge,10,0.3974602355366974
13,GBR,10,0.8801036065407277
13,MLP,10,-0.49581086293229415
13,TabPFN,15,0.8720017072295474
13,RF,15,0.8545092284014044
13,XGBoost,15,0.6828961093961903
13,SVR,15,0.19076547307327396
13,Ridge,15,0.09059900894921225
13,GBR,15,0.740146976586899
13,MLP,15,0.13507296561645454
13,TabPFN,20,0.881614210532337
13,RF,20,0.8487502244226597
13,XGBoost,20,0.8967496934475491
13,SVR,20,0.6147598719466937
13,Ridge,20,0.5552043628000671
13,GBR,20,0.8982740507408433
13,MLP,20,0.6731018491750195
13,TabPFN,25,0.8470650281407346
13,RF,25,0.8064116016824303
13,XGBoost,25,0.6541081691559776
13,SVR,25,0.7590260557362609
13,Ridge,25,0.5864410612170396
13,GBR,25,0.7876378146848401
13,MLP,25,-0.5680970292191878
13,TabPFN,30,0.9366602038491498
13,RF,30,0.898812915395804
13,XGBoost,30,0.9108857661566957
13,SVR,30,0.750774238413797
13,Ridge,30,0.6712416220832249
13,GBR,30,0.8331903369394602
13,MLP,30,0.9235521055763376
13,TabPFN,35,0.9382522928670561
13,RF,35,0.895584445564979
13,XGBoost,35,0.9218470235672246
13,SVR,35,0.6483964120781777
13,Ridge,35,0.5533401326394656
13,GBR,35,0.6966120948424586
13,MLP,35,0.5385378821794017
13,TabPFN,40,0.953473406292219
13,RF,40,0.9098373942495637
13,XGBoost,40,0.9210782928104894
13,SVR,40,0.6889571838214382
13,Ridge,40,0.5717619596147783
13,GBR,40,0.9038609069395375
13,MLP,40,-0.7385380426476693
13,TabPFN,45,0.9574166219161464
13,RF,45,0.9222004860747975
13,XGBoost,45,0.9288408760107316
13,SVR,45,0.5776447712138418
13,Ridge,45,0.5793423356857123
13,GBR,45,0.8914975412971644
13,MLP,45,0.30133518855819674
13,TabPFN,48,0.9552956926111984
13,RF,48,0.9283023729693398
13,XGBoost,48,0.9370525199236885
13,SVR,48,0.6323185048156132
13,Ridge,48,0.601526801538768
13,GBR,48,0.9033454132531333
13,MLP,48,0.6272281202543044
14,TabPFN,10,0.8049645989616359
14,RF,10,0.6549318716175376
14,XGBoost,10,0.6543675681714749
14,SVR,10,0.41741245526312765
14,Ridge,10,0.28957481758927195
14,GBR,10,0.6659001851204585
14,MLP,10,0.10900017455524846
14,TabPFN,15,0.9719185524868551
14,RF,15,0.9436907867984273
14,XGBoost,15,0.9502076701725464
14,SVR,15,0.7245664649098633
14,Ridge,15,0.6445001042919453
14,GBR,15,0.9358461672248769
14,MLP,15,0.48457777834593363
14,TabPFN,20,0.8817681282272624
14,RF,20,0.8959151735121326
14,XGBoost,20,0.5241421304036417
14,SVR,20,0.4948618975374064
14,Ridge,20,0.5492662106236776
14,GBR,20,0.8215882566555792
14,MLP,20,0.17733794277628234
14,TabPFN,25,0.9325705587042787
14,RF,25,0.9247886878634008
14,XGBoost,25,0.772741791330209
14,SVR,25,0.6674958490892977
14,Ridge,25,0.6146479290779086
14,GBR,25,0.891553784414864
14,MLP,25,0.045672578125558805
14,TabPFN,30,0.9620484349832241
14,RF,30,0.9512133085560508
14,XGBoost,30,0.9600467825096966
14,SVR,30,0.6817667695795719
14,Ridge,30,0.6582848002648563
14,GBR,30,0.9699706533544507
14,MLP,30,-0.5673947487057096
14,TabPFN,35,0.9769206251422884
14,RF,35,0.9575704651563234
14,XGBoost,35,0.9808848610051839
14,SVR,35,0.6295414009038358
14,Ridge,35,0.5156718672929701
14,GBR,35,0.970353585227021
14,MLP,35,0.5570028991619456
14,TabPFN,40,0.9791129844635768
14,RF,40,0.9684225169556989
14,XGBoost,40,0.9679868269394152
14,SVR,40,0.6518726207444075
14,Ridge,40,0.6297159965337636
14,GBR,40,0.9385434858727921
14,MLP,40,-1.0727604470707948
14,TabPFN,45,0.9657096904162389
14,RF,45,0.9637173849803086
14,XGBoost,45,0.9590056936242335
14,SVR,45,0.7040212684849263
14,Ridge,45,0.5648853969133031
14,GBR,45,0.9554701660557527
14,MLP,45,0.6390985580599988
14,TabPFN,48,0.9660670426994612
14,RF,48,0.9643097803151517
14,XGBoost,48,0.9455340800780444
14,SVR,48,0.6952989784667267
14,Ridge,48,0.5599078313989456
14,GBR,48,0.9295557994353778
14,MLP,48,0.7652634504571045
15,TabPFN,10,0.9048037877936266
15,RF,10,0.8823054980087915
15,XGBoost,10,0.6291335344495539
15,SVR,10,0.7004518015308587
15,Ridge,10,0.40407775654683675
15,GBR,10,0.8157252326005224
15,MLP,10,-0.9111479341512776
15,TabPFN,15,0.9255163457322574
15,RF,15,0.9064879045279387
15,XGBoost,15,0.8539783731447059
15,SVR,15,0.6342173655732032
15,Ridge,15,0.5862603664741948
15,GBR,15,0.8284120006322376
15,MLP,15,-0.9236561356683655
15,TabPFN,20,0.9266569969925983
15,RF,20,0.8459865442871073
15,XGBoost,20,0.2004203407599784
15,SVR,20,0.7200408112019872
15,Ridge,20,0.4680006891615245
15,GBR,20,0.48662981489006707
15,MLP,20,0.45560801395715456
15,TabPFN,25,0.9366848651932955
15,RF,25,0.8779574923885323
15,XGBoost,25,0.8575826766519561
15,SVR,25,0.7697482146368764
15,Ridge,25,0.5742231734449261
15,GBR,25,0.8621297621961684
15,MLP,25,-0.9454516149546144
15,TabPFN,30,0.9483794415554346
15,RF,30,0.935267285535845
15,XGBoost,30,0.9130026820307047
15,SVR,30,0.8561635077701051
15,Ridge,30,0.6592551182940891
15,GBR,30,0.9217782842990889
15,MLP,30,0.6142510526965056
15,TabPFN,35,0.9539061164131973
15,RF,35,0.9217453268593884
15,XGBoost,35,0.891259966997501
15,SVR,35,0.8100718885963956
15,Ridge,35,0.6552811619193434
15,GBR,35,0.8713904987359209
15,MLP,35,0.1955370650847882
15,TabPFN,40,0.9603383004445685
15,RF,40,0.9101913519570743
15,XGBoost,40,0.9084819325630392
15,SVR,40,0.8041152105929056
15,Ridge,40,0.6499730521829039
15,GBR,40,0.9142794078277511
15,MLP,40,0.7932554402924334
15,TabPFN,45,0.9577913904592901
15,RF,45,0.9370059157767593
15,XGBoost,45,0.9298330758584086
15,SVR,45,0.8077736900982723
15,Ridge,45,0.6842599282219204
15,GBR,45,0.9255032480055576
15,MLP,45,0.7945041563086054
15,TabPFN,48,0.9597179666283208
15,RF,48,0.9274456861490998
15,XGBoost,48,0.9400964535042957
15,SVR,48,0.808737351230249
15,Ridge,48,0.6926099383214661
15,GBR,48,0.9278145538915137
15,MLP,48,0.7544046144904734
16,TabPFN,10,0.7885210581097721
16,RF,10,0.7126890361599436
16,XGBoost,10,0.7508266980332796
16,SVR,10,0.17005066855406803
16,Ridge,10,-0.5502818472729536
16,GBR,10,0.7742765913590359
16,MLP,10,-0.699732104062029
16,TabPFN,15,0.8763345801231958
16,RF,15,0.8337991553844715
16,XGBoost,15,0.8117231655133798
16,SVR,15,0.7313081813986739
16,Ridge,15,0.5297014489498013
16,GBR,15,0.758618348723319
16,MLP,15,-0.33274368610304084
16,TabPFN,20,0.9018071148753429
16,RF,20,0.8331561894044702
16,XGBoost,20,0.7387281413570905
16,SVR,20,0.6845718098661697
16,Ridge,20,0.7921657474128568
16,GBR,20,0.595462266650516
16,MLP,20,0.2707840780309372
16,TabPFN,25,0.8403012629134863
16,RF,25,0.8341892144778517
16,XGBoost,25,0.8442193623068722
16,SVR,25,0.7230798075157252
16,Ridge,25,0.8484636130540967
16,GBR,25,0.6232725477725114
16,MLP,25,0.668449239010112
16,TabPFN,30,0.8990157047030951
16,RF,30,0.8275438350896533
16,XGBoost,30,0.7782865052895327
16,SVR,30,0.7299990792641516
16,Ridge,30,0.7433573470948434
16,GBR,30,0.5514992284619813
16,MLP,30,-0.6489692927968316
16,TabPFN,35,0.8523909716961332
16,RF,35,0.7699734142350021
16,XGBoost,35,0.8460859059097556
16,SVR,35,0.817038726032601
16,Ridge,35,0.6944596330801498
16,GBR,35,0.7197203545553132
16,MLP,35,0.3259768500459249
16,TabPFN,40,0.8716824605351732
16,RF,40,0.7456653033901085
16,XGBoost,40,0.8532059556993459
16,SVR,40,0.7831049459868606
16,Ridge,40,0.8194085660801591
16,GBR,40,0.7258086416810536
16,MLP,40,0.8559642143675156
16,TabPFN,45,0.8881303977825403
16,RF,45,0.8018798480085364
16,XGBoost,45,0.8442474040280374
16,SVR,45,0.7573816073304663
16,Ridge,45,0.8467243811147088
16,GBR,45,0.715515942242729
16,MLP,45,-0.6608102363860049
16,TabPFN,48,0.8714801763323161
16,RF,48,0.7476451767243415
16,XGBoost,48,0.8165683123589291
16,SVR,48,0.7579487128947767
16,Ridge,48,0.8100008526196284
16,GBR,48,0.6801845999980465
16,MLP,48,-0.5753630486674235
17,TabPFN,10,0.5254328693428023
17,RF,10,0.693438946859287
17,XGBoost,10,0.6871400835051855
17,SVR,10,0.33588002050504884
17,Ridge,10,0.41648567800652303
17,GBR,10,0.6493378928104084
17,MLP,10,-3.322414689945963
17,TabPFN,15,0.8707890443529746
17,RF,15,0.9077725474211817
17,XGBoost,15,0.7202010838763041
17,SVR,15,0.6084316705258219
17,Ridge,15,0.6398935725293471
17,GBR,15,0.8071824825917401
17,MLP,15,-2.790733787546646
17,TabPFN,20,0.9260090324238065
17,RF,20,0.921369311022604
17,XGBoost,20,0.836248578454042
17,SVR,20,0.5240084792251626
17,Ridge,20,0.09303535082611103
17,GBR,20,0.9048664712901185
17,MLP,20,-2.1015751237173195
17,TabPFN,25,0.8874982143154261
17,RF,25,0.9146717091622185
17,XGBoost,25,0.8445739339353632
17,SVR,25,0.4208365557552052
17,Ridge,25,0.4505525559413702
17,GBR,25,0.8762035715985654
17,MLP,25,-0.4166591088491294
17,TabPFN,30,0.9397933584886253
17,RF,30,0.9160748599907568
17,XGBoost,30,0.9105544773794231
17,SVR,30,0.6712069200518743
17,Ridge,30,0.4479050576520365
17,GBR,30,0.9306816363573551
17,MLP,30,-0.283747047144018
17,TabPFN,35,0.9436634774261783
17,RF,35,0.9729543217941412
17,XGBoost,35,0.898606513484642
17,SVR,35,0.6484894001588803
17,Ridge,35,0.2370541216623523
17,GBR,35,0.9656105203831057
17,MLP,35,-0.7873330378157728
17,TabPFN,40,0.8875253075436161
17,RF,40,0.8834729850643743
17,XGBoost,40,0.8821951074586631
17,SVR,40,0.624786215109052
17,Ridge,40,0.3618534610240308
17,GBR,40,0.8428957173025726
17,MLP,40,0.0646904021900021
17,TabPFN,45,0.9509921407394171
17,RF,45,0.9672264026434848
17,XGBoost,45,0.930848702469393
17,SVR,45,0.5615755534499977
17,Ridge,45,0.4034317449239626
17,GBR,45,0.9572318192682001
17,MLP,45,-0.5489232205589802
17,TabPFN,48,0.9346229278052866
17,RF,48,0.9666846847205982
17,XGBoost,48,0.9161704937438562
17,SVR,48,0.5752017876748556
17,Ridge,48,0.39239508140365154
17,GBR,48,0.9584404972671674
17,MLP,48,-0.5758782933963809
18,TabPFN,10,0.8851166928804506
18,RF,10,0.772884221320646
18,XGBoost,10,0.6557177927846893
18,SVR,10,0.3740387429825732
18,Ridge,10,0.6555294934703026
18,GBR,10,0.8126370246586578
18,MLP,10,-0.09943814865430789
18,TabPFN,15,0.7359464443979934
18,RF,15,0.7378134506096874
18,XGBoost,15,0.6862340438651726
18,SVR,15,0.46193832289713765
18,Ridge,15,0.4147237327955494
18,GBR,15,0.7664896958626694
18,MLP,15,-0.026775424042037255
18,TabPFN,20,0.929105971124237
18,RF,20,0.8138547986834117
18,XGBoost,20,0.7577872489523688
18,SVR,20,0.6074899925669827
18,Ridge,20,0.595764894991377
18,GBR,20,0.8621515090792244
18,MLP,20,-0.5891832839371414
18,TabPFN,25,0.9004838244725392
18,RF,25,0.8779588819864015
18,XGBoost,25,0.8721173476925427
18,SVR,25,0.5675754645223565
18,Ridge,25,0.5107681426302084
18,GBR,25,0.752400256641963
18,MLP,25,-0.7045737424541103
18,TabPFN,30,0.9399098172799045
18,RF,30,0.9124236534235405
18,XGBoost,30,0.7548443734529244
18,SVR,30,0.7533075305051548
18,Ridge,30,0.6153621579777708
18,GBR,30,0.9598591053425546
18,MLP,30,0.5966907458169828
18,TabPFN,35,0.9708736681021352
18,RF,35,0.9329576380997657
18,XGBoost,35,0.9060196441221381
18,SVR,35,0.5662746838999582
18,Ridge,35,0.6452604632335401
18,GBR,35,0.9407395074024202
18,MLP,35,0.3128945315015951
18,TabPFN,40,0.9535349882653417
18,RF,40,0.9270308528072608
18,XGBoost,40,0.933231565333449
18,SVR,40,0.5540377645417638
18,Ridge,40,0.5992321052237649
18,GBR,40,0.9149416312331025
18,MLP,40,0.49422205015408016
18,TabPFN,45,0.956578798995652
18,RF,45,0.9338449301898653
18,XGBoost,45,0.9261451350565026
18,SVR,45,0.6153346756052027
18,Ridge,45,0.6439555211305273
18,GBR,45,0.9415378284072179
18,MLP,45,0.7192154474708611
18,TabPFN,48,0.9609295631908327
18,RF,48,0.944539813577475
18,XGBoost,48,0.9319563482370701
18,SVR,48,0.5993030342567038
18,Ridge,48,0.6349825713809217
18,GBR,48,0.9307868665712111
18,MLP,48,0.6901340279927924
19,TabPFN,10,0.7357704421512942
19,RF,10,0.7211552493785629
19,XGBoost,10,0.3181240032995024
19,SVR,10,-0.1422609557946517
19,Ridge,10,-0.09100480812305833
19,GBR,10,0.453652665824811
19,MLP,10,-6.981270460369784
19,TabPFN,15,0.8380935580956477
19,RF,15,0.8509849293960352
19,XGBoost,15,0.8921102923093582
19,SVR,15,0.48258952337537697
19,Ridge,15,0.20032290397372865
19,GBR,15,0.8691923621770743
19,MLP,15,-2.6761463670417998
19,TabPFN,20,0.7325364285817499
19,RF,20,0.7074088278929123
19,XGBoost,20,0.7602041114794943
19,SVR,20,0.3929755385550726
19,Ridge,20,-0.17714347900333638
19,GBR,20,0.528080795085999
19,MLP,20,-1.272499882595433
19,TabPFN,25,0.7631015823790028
19,RF,25,0.7307950463678435
19,XGBoost,25,0.35813043928461374
19,SVR,25,0.4129202822988961
19,Ridge,25,-0.0874715886727262
19,GBR,25,0.6584420064286473
19,MLP,25,-0.7407867079338917
19,TabPFN,30,0.8661390763547423
19,RF,30,0.8252185078051417
19,XGBoost,30,0.9103510956945994
19,SVR,30,0.4767112084413172
19,Ridge,30,-0.3098588039735939
19,GBR,30,0.8802486069452622
19,MLP,30,-3.909676906397017
19,TabPFN,35,0.8456853123385848
19,RF,35,0.8544258623417187
19,XGBoost,35,0.8485994635866849
19,SVR,35,0.4654649465440557
19,Ridge,35,0.06303300020871205
19,GBR,35,0.8544417925911698
19,MLP,35,-2.9158076257614782
19,TabPFN,40,0.8330357084722433
19,RF,40,0.8366386686523152
19,XGBoost,40,0.7870665346159658
19,SVR,40,0.6270609700173786
19,Ridge,40,-0.12639617395520464
19,GBR,40,0.7802024103401635
19,MLP,40,-2.2352984461258547
19,TabPFN,45,0.811502953417968
19,RF,45,0.8237717242924388
19,XGBoost,45,0.7616713688081341
19,SVR,45,0.5035003655054107
19,Ridge,45,-0.1265541602441449
19,GBR,45,0.7623925780781423
19,MLP,45,-2.3739004373597328
19,TabPFN,48,0.8163632848156388
19,RF,48,0.8315039624935082
19,XGBoost,48,0.7699631711926822
19,SVR,48,0.5094510390517798
19,Ridge,48,-0.1559105688209561
19,GBR,48,0.7696499412640745
19,MLP,48,-0.0027683913933567172
20,TabPFN,10,0.6075633239956175
20,RF,10,0.4973620243106208
20,XGBoost,10,0.6692298735603694
20,SVR,10,0.03480958942125889
20,Ridge,10,0.23951662711235533
20,GBR,10,0.7625055827646048
20,MLP,10,-7.43770705256183
20,TabPFN,15,0.8412287531967979
20,RF,15,0.8999377607510328
20,XGBoost,15,0.7957195041077045
20,SVR,15,0.6575410472197016
20,Ridge,15,0.6655234340032365
20,GBR,15,0.8824043857077637
20,MLP,15,0.37004387286377105
20,TabPFN,20,0.9377509320900088
20,RF,20,0.9165337164349732
20,XGBoost,20,0.8670047579509494
20,SVR,20,0.6474597246783491
20,Ridge,20,0.7424159603095055
20,GBR,20,0.8669241179254251
20,MLP,20,0.7598739881425963
20,TabPFN,25,0.9227036203626674
20,RF,25,0.8876175042292638
20,XGBoost,25,0.735620835686546
20,SVR,25,0.521236267859629
20,Ridge,25,0.6135587132765927
20,GBR,25,0.8167165101869316
20,MLP,25,0.33617045689177993
20,TabPFN,30,0.9434709385400487
20,RF,30,0.9150199408685195
20,XGBoost,30,0.854478988494564
20,SVR,30,0.5193996867149823
20,Ridge,30,0.7760526133053212
20,GBR,30,0.8652040936951106
20,MLP,30,-0.03531342708806573
20,TabPFN,35,0.9472705809131197
20,RF,35,0.9144565456109406
20,XGBoost,35,0.885031640246741
20,SVR,35,0.4621236737593555
20,Ridge,35,0.7479247838269957
20,GBR,35,0.9018269657567242
20,MLP,35,-0.14398471079055275
20,TabPFN,40,0.9655018807344925
20,RF,40,0.9370047402808692
20,XGBoost,40,0.9074682233020792
20,SVR,40,0.5008377253044802
20,Ridge,40,0.7285562768964582
20,GBR,40,0.8956157066907043
20,MLP,40,0.1046431858249448
20,TabPFN,45,0.9597413335404226
20,RF,45,0.9224673179812803
20,XGBoost,45,0.8867995764181312
20,SVR,45,0.455596203138657
20,Ridge,45,0.7921171505652764
20,GBR,45,0.879953195132988
20,MLP,45,0.8391360388203366
20,TabPFN,48,0.9596301517221548
20,RF,48,0.9242692032012287
20,XGBoost,48,0.875376623572941
20,SVR,48,0.5560255283861174
20,Ridge,48,0.796004603811618
20,GBR,48,0.8705266021673504
20,MLP,48,0.8430189615669925
21,TabPFN,10,0.8390408035767939
21,RF,10,0.7537740091665461
21,XGBoost,10,0.6811469538465007
21,SVR,10,0.7112449244945382
21,Ridge,10,0.584476610344826
21,GBR,10,0.8517745967653881
21,MLP,10,-0.4440971965417755
21,TabPFN,15,0.8757435539668184
21,RF,15,0.9232400595958038
21,XGBoost,15,0.7086186237677048
21,SVR,15,0.5452022693294574
21,Ridge,15,-0.3620686527433803
21,GBR,15,0.7727201060997257
21,MLP,15,0.0764575437891527
21,TabPFN,20,0.9420935537789082
21,RF,20,0.8949157163788476
21,XGBoost,20,0.8797956457790175
21,SVR,20,0.6525209482132426
21,Ridge,20,0.6135990156131759
21,GBR,20,0.8760855403697589
21,MLP,20,0.48087038489273737
21,TabPFN,25,0.8832136191794734
21,RF,25,0.911718757278172
21,XGBoost,25,0.8435779653171473
21,SVR,25,0.8335607413978217
21,Ridge,25,0.739294824750584
21,GBR,25,0.8751497448748964
21,MLP,25,0.7024206591400274
21,TabPFN,30,0.9613044983482937
21,RF,30,0.9502618803219018
21,XGBoost,30,0.9393230600989094
21,SVR,30,0.6855496207507157
21,Ridge,30,0.6700953781051959
21,GBR,30,0.9601839637534916
21,MLP,30,-0.6715379098736987
21,TabPFN,35,0.8911416917968028
21,RF,35,0.894090741987047
21,XGBoost,35,0.8868894665786465
21,SVR,35,0.7616191069752114
21,Ridge,35,0.6188511423911208
21,GBR,35,0.862892964035549
21,MLP,35,0.685987130396843
21,TabPFN,40,0.9255065350123686
21,RF,40,0.9380447205189117
21,XGBoost,40,0.8823076236643366
21,SVR,40,0.7463504326337284
21,Ridge,40,0.6467139099966527
21,GBR,40,0.9162633655709703
21,MLP,40,0.5591905930895735
21,TabPFN,45,0.9316092141201656
21,RF,45,0.9355025717681009
21,XGBoost,45,0.8761691427143851
21,SVR,45,0.824428545529069
21,Ridge,45,0.6878395333821121
21,GBR,45,0.9379292925671322
21,MLP,45,-0.6977179177676291
21,TabPFN,48,0.9335908744806389
21,RF,48,0.9614014358746413
21,XGBoost,48,0.9173215491372216
21,SVR,48,0.7928086091892282
21,Ridge,48,0.6852054983264018
21,GBR,48,0.976469837628608
21,MLP,48,-0.594999703742227
22,TabPFN,10,0.728389568196301
22,RF,10,0.6917709411515279
22,XGBoost,10,0.25250482401575547
22,SVR,10,-0.06889497107876918
22,Ridge,10,-0.07079651987905122
22,GBR,10,0.5881844878436993
22,MLP,10,-2.2277312120714186
22,TabPFN,15,0.7739086447256429
22,RF,15,0.8080986204785122
22,XGBoost,15,0.7188114154995029
22,SVR,15,0.6867732688967203
22,Ridge,15,0.36833594943841663
22,GBR,15,0.7355962918122976
22,MLP,15,-0.7658014743119417
22,TabPFN,20,0.9262468686353224
22,RF,20,0.8762913407164515
22,XGBoost,20,0.9185403455849922
22,SVR,20,0.5966886947263133
22,Ridge,20,-0.13168810905734385
22,GBR,20,0.8910242775339537
22,MLP,20,-0.42567788231130343
22,TabPFN,25,0.8522325796150996
22,RF,25,0.8505465133109918
22,XGBoost,25,0.8401876482981985
22,SVR,25,0.7828357177714002
22,Ridge,25,0.3651987090434389
22,GBR,25,0.8371585416827889
22,MLP,25,-0.09164486749177336
22,TabPFN,30,0.926462000489502
22,RF,30,0.9157306442720906
22,XGBoost,30,0.9458306527096089
22,SVR,30,0.6239896078942608
22,Ridge,30,0.49379736174590116
22,GBR,30,0.9053136786360627
22,MLP,30,-0.1911917199009021
22,TabPFN,35,0.9038104638638503
22,RF,35,0.8580807292114414
22,XGBoost,35,0.8491617677109234
22,SVR,35,0.8308289734327148
22,Ridge,35,0.45631469063980046
22,GBR,35,0.8519744523087516
22,MLP,35,-0.2700899906286536
22,TabPFN,40,0.9113254284977865
22,RF,40,0.8746369935066487
22,XGBoost,40,0.8397232526870828
22,SVR,40,0.758931068600054
22,Ridge,40,0.43894198712785815
22,GBR,40,0.8619895600416854
22,MLP,40,-0.03718118200145648
22,TabPFN,45,0.8979657489673891
22,RF,45,0.8751648807294333
22,XGBoost,45,0.8341941755345552
22,SVR,45,0.8064941277802777
22,Ridge,45,0.42547644919411953
22,GBR,45,0.8343488960151887
22,MLP,45,-0.1983724063718908
22,TabPFN,48,0.9026628555303187
22,RF,48,0.868141306777803
22,XGBoost,48,0.8402172735224258
22,SVR,48,0.8102078108337913
22,Ridge,48,0.4428154764208132
22,GBR,48,0.8263304215175465
22,MLP,48,0.6625272124634869
23,TabPFN,10,0.6852457407653336
23,RF,10,0.7659378292943255
23,XGBoost,10,0.330007197632458
23,SVR,10,0.20954207799569613
23,Ridge,10,-0.26079311968056196
23,GBR,10,0.6365042214833215
23,MLP,10,-1.6903380139660813
23,TabPFN,15,0.8092576786186855
23,RF,15,0.7891901284932202
23,XGBoost,15,0.3666038116739617
23,SVR,15,0.37951983546131884
23,Ridge,15,0.06620746186908633
23,GBR,15,0.7339889131075723
23,MLP,15,-4.443679383188403
23,TabPFN,20,0.8337598299010035
23,RF,20,0.8405087048807792
23,XGBoost,20,0.796258039461057
23,SVR,20,0.7123480403393103
23,Ridge,20,0.17856419243761334
23,GBR,20,0.7195248616915022
23,MLP,20,-0.4424088429416655
23,TabPFN,25,0.8048659683248338
23,RF,25,0.7343615478315182
23,XGBoost,25,0.7353929307196763
23,SVR,25,0.47069496241353714
23,Ridge,25,0.39877944508409224
23,GBR,25,0.7175237545371755
23,MLP,25,-1.3406823269784924
23,TabPFN,30,0.8475026562271261
23,RF,30,0.824242362003965
23,XGBoost,30,0.8103793780343651
23,SVR,30,0.5550126356581274
23,Ridge,30,0.37735695365506183
23,GBR,30,0.7006803432598828
23,MLP,30,-0.0921462743010193
23,TabPFN,35,0.8619888795614716
23,RF,35,0.8051124505206548
23,XGBoost,35,0.8415593693807546
23,SVR,35,0.5308188344000502
23,Ridge,35,0.3140104728180998
23,GBR,35,0.7149943272150829
23,MLP,35,-1.8759279738384178
23,TabPFN,40,0.8475133839681307
23,RF,40,0.7610092386360415
23,XGBoost,40,0.8403832522758966
23,SVR,40,0.5350343113377565
23,Ridge,40,0.30525986139464323
23,GBR,40,0.7486837749214628
23,MLP,40,0.27676983290921753
23,TabPFN,45,0.846422482477656
23,RF,45,0.769858900076206
23,XGBoost,45,0.8846127668220596
23,SVR,45,0.6118426368297545
23,Ridge,45,0.32348209641693393
23,GBR,45,0.6543032570626794
23,MLP,45,-1.028064711528165
23,TabPFN,48,0.8499338302834807
23,RF,48,0.7738409053485655
23,XGBoost,48,0.8743102640332765
23,SVR,48,0.5616557067001875
23,Ridge,48,0.35639058542443736
23,GBR,48,0.6460882534877299
23,MLP,48,0.2847838418788
24,TabPFN,10,0.8888908898376914
24,RF,10,0.7696265063955909
24,XGBoost,10,0.8615348059701553
24,SVR,10,0.4961627099999696
24,Ridge,10,-2.575458067536568
24,GBR,10,0.9429093966080132
24,MLP,10,-7.8489287047518665
24,TabPFN,15,0.931677076678143
24,RF,15,0.7326405173844124
24,XGBoost,15,0.49534853718448235
24,SVR,15,0.44784056883338164
24,Ridge,15,0.39453871563934795
24,GBR,15,0.7502064545379762
24,MLP,15,-0.10057196342539987
24,TabPFN,20,0.9622212113560776
24,RF,20,0.907248724050318
24,XGBoost,20,0.9066911459256002
24,SVR,20,0.6629473823030899
24,Ridge,20,0.24428797100548094
24,GBR,20,0.9127203142972671
24,MLP,20,-1.2610611668313902
24,TabPFN,25,0.9495435136661196
24,RF,25,0.9495217606362008
24,XGBoost,25,0.815761693879729
24,SVR,25,0.554863790469204
24,Ridge,25,0.16702139535059435
24,GBR,25,0.916502525396518
24,MLP,25,-0.5823255062388497
24,TabPFN,30,0.9646950267801435
24,RF,30,0.9337149395785924
24,XGBoost,30,0.8884958817877513
24,SVR,30,0.5920773199383715
24,Ridge,30,0.15313923457581724
24,GBR,30,0.9084642030919879
24,MLP,30,-0.651044518517296
24,TabPFN,35,0.977810591736598
24,RF,35,0.9419871751899751
24,XGBoost,35,0.9312246155428907
24,SVR,35,0.5892788404386224
24,Ridge,35,0.46808384579170503
24,GBR,35,0.903860521057189
24,MLP,35,-1.047014638455956
24,TabPFN,40,0.9826281828078272
24,RF,40,0.9503568950772826
24,XGBoost,40,0.914248983694216
24,SVR,40,0.5906731471684433
24,Ridge,40,0.1678085203023314
24,GBR,40,0.9346358321203619
24,MLP,40,-1.78616278758859
24,TabPFN,45,0.9816148026432764
24,RF,45,0.9337825163616664
24,XGBoost,45,0.9479586356297489
24,SVR,45,0.5943790592945972
24,Ridge,45,0.510877417488893
24,GBR,45,0.9158534129071177
24,MLP,45,0.7756597418863478
24,TabPFN,48,0.9808357501093269
24,RF,48,0.9269608045416882
24,XGBoost,48,0.9246665991206523
24,SVR,48,0.5627526116118458
24,Ridge,48,0.4581209837215099
24,GBR,48,0.889248452600869
24,MLP,48,0.7539709778884472
25,TabPFN,10,0.6719116738785726
25,RF,10,0.5013013144328798
25,XGBoost,10,0.4968390940967605
25,SVR,10,0.3030316024462216
25,Ridge,10,-0.13506387857691027
25,GBR,10,0.5613511751796654
25,MLP,10,-1.541898479144319
25,TabPFN,15,0.842806282867599
25,RF,15,0.7218885941620857
25,XGBoost,15,0.37611259340090186
25,SVR,15,0.6499108597406174
25,Ridge,15,0.45978599365485595
25,GBR,15,0.6822426633074898
25,MLP,15,-0.27721349879799373
25,TabPFN,20,0.8281989150756215
25,RF,20,0.9000911212837999
25,XGBoost,20,0.8688702078990489
25,SVR,20,0.6965186173638965
25,Ridge,20,0.25687900429224175
25,GBR,20,0.9242412307462203
25,MLP,20,0.5342725776802426
25,TabPFN,25,0.8419204554302958
25,RF,25,0.8859243708545242
25,XGBoost,25,0.7511522041084664
25,SVR,25,0.795093299625637
25,Ridge,25,0.46207519110083084
25,GBR,25,0.8445181259176568
25,MLP,25,-0.9873386995701785
25,TabPFN,30,0.9133173067591239
25,RF,30,0.8941974092372592
25,XGBoost,30,0.8820757948534621
25,SVR,30,0.7530323416820052
25,Ridge,30,0.392364314088665
25,GBR,30,0.8734351734190944
25,MLP,30,-0.20763787943852785
25,TabPFN,35,0.9416877683420712
25,RF,35,0.9312226158070009
25,XGBoost,35,0.923988086864933
25,SVR,35,0.7496305190175077
25,Ridge,35,0.36102513702891326
25,GBR,35,0.9405768546232369
25,MLP,35,0.3743003790086632
25,TabPFN,40,0.904046917396611
25,RF,40,0.9024164103656352
25,XGBoost,40,0.8544196518518057
25,SVR,40,0.8675691801049681
25,Ridge,40,0.4876669683785867
25,GBR,40,0.8633624114335372
25,MLP,40,0.3225195330779882
25,TabPFN,45,0.9125644346737879
25,RF,45,0.9046468536792176
25,XGBoost,45,0.8676111029136689
25,SVR,45,0.8337091124169911
25,Ridge,45,0.4769621239129004
25,GBR,45,0.890728019174892
25,MLP,45,0.5248613915914146
25,TabPFN,48,0.9117987369787348
25,RF,48,0.9071423135153324
25,XGBoost,48,0.8694352541754693
25,SVR,48,0.8348430783075398
25,Ridge,48,0.46838796393165183
25,GBR,48,0.8945765988044421
25,MLP,48,0.47723362161204075
26,TabPFN,10,0.690544190798742
26,RF,10,0.2727106549427668
26,XGBoost,10,0.05229299362512663
26,SVR,10,-0.49122460465920703
26,Ridge,10,0.2425756603665672
26,GBR,10,0.008343350538804417
26,MLP,10,-1.5195370080832507
26,TabPFN,15,0.7775631594081119
26,RF,15,0.6315653214337197
26,XGBoost,15,0.559686675917949
26,SVR,15,-0.08353311175806089
26,Ridge,15,0.5020123342500052
26,GBR,15,0.64076205171893
26,MLP,15,-0.7995972837750418
26,TabPFN,20,0.9067394259291675
26,RF,20,0.8323577126708737
26,XGBoost,20,0.7040353089089406
26,SVR,20,0.35194434819682696
26,Ridge,20,0.6699843101377005
26,GBR,20,0.8086484156992522
26,MLP,20,0.6298004271837688
26,TabPFN,25,0.8881157400718067
26,RF,25,0.7714878104150859
26,XGBoost,25,0.684088966534006
26,SVR,25,0.16409433193427136
26,Ridge,25,0.582638654309672
26,GBR,25,0.73138924632941
26,MLP,25,0.6807963639398271
26,TabPFN,30,0.7924177857941523
26,RF,30,0.817038838405854
26,XGBoost,30,0.8086745740645986
26,SVR,30,0.4177178462341835
26,Ridge,30,0.6512695383033908
26,GBR,30,0.7841220145142839
26,MLP,30,0.563293644746417
26,TabPFN,35,0.8397050536796828
26,RF,35,0.7509094870480999
26,XGBoost,35,0.7156479680187651
26,SVR,35,0.4326184406205613
26,Ridge,35,0.709309577015332
26,GBR,35,0.7842866270127664
26,MLP,35,0.6249445813437451
26,TabPFN,40,0.8639195840081153
26,RF,40,0.7781514765464017
26,XGBoost,40,0.7450238149600574
26,SVR,40,-0.01836094162290136
26,Ridge,40,0.6570444883863624
26,GBR,40,0.7461793419482043
26,MLP,40,0.48347125776379074
26,TabPFN,45,0.8715011068668929
26,RF,45,0.8240994771240882
26,XGBoost,45,0.8100388088530948
26,SVR,45,0.35386273307092964
26,Ridge,45,0.663516506304568
26,GBR,45,0.8132720924091033
26,MLP,45,0.5028311200416993
26,TabPFN,48,0.87106538066378
26,RF,48,0.8259081979337115
26,XGBoost,48,0.8277290459362442
26,SVR,48,0.3343758872164756
26,Ridge,48,0.691073836177325
26,GBR,48,0.8229234467344374
26,MLP,48,0.7230688786603785
27,TabPFN,10,0.6816065448863542
27,RF,10,0.8262710546667793
27,XGBoost,10,0.7749462698281047
27,SVR,10,-0.05420296912696054
27,Ridge,10,-0.12755602986172954
27,GBR,10,0.6064331854701341
27,MLP,10,-3.5777577182563043
27,TabPFN,15,0.7997359762670189
27,RF,15,0.7866017065632583
27,XGBoost,15,0.8061489687948977
27,SVR,15,0.5459879097521678
27,Ridge,15,0.4263087212662492
27,GBR,15,0.7336194711629679
27,MLP,15,-1.0096106434488887
27,TabPFN,20,0.8881013175904491
27,RF,20,0.8918606409104772
27,XGBoost,20,0.8049036793259645
27,SVR,20,0.8774969144771367
27,Ridge,20,0.1120819222406848
27,GBR,20,0.8124770764319507
27,MLP,20,0.34660962246971083
27,TabPFN,25,0.9189169696046777
27,RF,25,0.8662656857543464
27,XGBoost,25,0.7612292875941797
27,SVR,25,0.87699367331263
27,Ridge,25,0.5483143807833953
27,GBR,25,0.7703245863295347
27,MLP,25,-1.8090458296463185
27,TabPFN,30,0.8877739963134574
27,RF,30,0.8398267239529925
27,XGBoost,30,0.8413397307785929
27,SVR,30,-0.37756443496404035
27,Ridge,30,0.17782663789035857
27,GBR,30,0.7186342750515577
27,MLP,30,-3.670157641691411
27,TabPFN,35,0.8675795814549409
27,RF,35,0.8298506328526234
27,XGBoost,35,0.895337914085865
27,SVR,35,0.5958389580198954
27,Ridge,35,0.4577808418045556
27,GBR,35,0.7751650796208361
27,MLP,35,0.045766402155597685
27,TabPFN,40,0.8654575328088433
27,RF,40,0.8339275316066772
27,XGBoost,40,0.882888441972338
27,SVR,40,0.8303787497243752
27,Ridge,40,0.4763640020738422
27,GBR,40,0.6959826209117147
27,MLP,40,-0.882952642710668
27,TabPFN,45,0.877549713783051
27,RF,45,0.8567160237355759
27,XGBoost,45,0.8337036905538148
27,SVR,45,0.727299683153164
27,Ridge,45,0.48594763318949574
27,GBR,45,0.7394635832261249
27,MLP,45,0.7305233064952685
27,TabPFN,48,0.8694108338172959
27,RF,48,0.8408564654838142
27,XGBoost,48,0.8892371160061164
27,SVR,48,0.7443277664752486
27,Ridge,48,0.48702077699730373
27,GBR,48,0.7447110845707972
27,MLP,48,-0.9123899600736716
28,TabPFN,10,0.7619504499302976
28,RF,10,0.6284772553458309
28,XGBoost,10,0.6779943808950745
28,SVR,10,-0.5169878437739528
28,Ridge,10,0.17983163920600365
28,GBR,10,0.6350182168572845
28,MLP,10,-2.2872535075193645
28,TabPFN,15,0.9185198352589073
28,RF,15,0.806761541453632
28,XGBoost,15,0.750235285076152
28,SVR,15,0.2953159826389392
28,Ridge,15,0.49060515010660355
28,GBR,15,0.7828797930268734
28,MLP,15,-0.08552633275862664
28,TabPFN,20,0.7712445348637527
28,RF,20,0.7837718286863333
28,XGBoost,20,0.7712647656219771
28,SVR,20,0.45027486201774125
28,Ridge,20,-0.03852698187656367
28,GBR,20,0.6995334898175274
28,MLP,20,-1.6648357154229725
28,TabPFN,25,0.9377473107915067
28,RF,25,0.8506501624601273
28,XGBoost,25,0.5774888401377213
28,SVR,25,0.6821991732543341
28,Ridge,25,0.19968879081455304
28,GBR,25,0.8889866778446691
28,MLP,25,-0.10320656908123715
28,TabPFN,30,0.9081399871470968
28,RF,30,0.8187462647948129
28,XGBoost,30,0.8043735503426894
28,SVR,30,0.42416252263283283
28,Ridge,30,-0.06398449210754942
28,GBR,30,0.6684093863161933
28,MLP,30,-0.33290234750463754
28,TabPFN,35,0.9144758609826147
28,RF,35,0.8304841308106392
28,XGBoost,35,0.7557051285092413
28,SVR,35,0.3754000227509726
28,Ridge,35,0.45202365021749835
28,GBR,35,0.7526469754589845
28,MLP,35,-0.04899242467323939
28,TabPFN,40,0.8961827531477992
28,RF,40,0.8803553838083548
28,XGBoost,40,0.871625639749122
28,SVR,40,0.4675038485888515
28,Ridge,40,0.2389771143757219
28,GBR,40,0.8667795662263262
28,MLP,40,-0.041104618928733405
28,TabPFN,45,0.9320646127316843
28,RF,45,0.816694718352288
28,XGBoost,45,0.800416254765161
28,SVR,45,0.423488605796423
28,Ridge,45,0.26744900150591877
28,GBR,45,0.6138410112224092
28,MLP,45,0.2769861102173419
28,TabPFN,48,0.931576384688058
28,RF,48,0.8526959583484365
28,XGBoost,48,0.8088595999767254
28,SVR,48,0.5200763772904791
28,Ridge,48,0.2638774966382921
28,GBR,48,0.7708945726246541
28,MLP,48,-0.10543083451691349
29,TabPFN,10,0.8943699185357091
29,RF,10,0.815621772568821
29,XGBoost,10,0.7551291655774495
29,SVR,10,0.5391885582950238
29,Ridge,10,-1.1070753370070436
29,GBR,10,0.8088825906463728
29,MLP,10,-5.995985607207414
29,TabPFN,15,0.8372464494207517
29,RF,15,0.9110842962849174
29,XGBoost,15,0.9053024274418454
29,SVR,15,0.6299447675011172
29,Ridge,15,0.7168270534794587
29,GBR,15,0.9426362515587695
29,MLP,15,-0.5813228987492565
29,TabPFN,20,0.9803623095765401
29,RF,20,0.9464637030601974
29,XGBoost,20,0.8963130933065342
29,SVR,20,0.6394300724355224
29,Ridge,20,0.5765399924968553
29,GBR,20,0.918715454268909
29,MLP,20,-0.5042229689896265
29,TabPFN,25,0.8953601758420746
29,RF,25,0.8673449722960644
29,XGBoost,25,0.8108032549399435
29,SVR,25,0.5732753899919514
29,Ridge,25,-1.095083511461107
29,GBR,25,0.8522766091711468
29,MLP,25,0.14824771043753182
29,TabPFN,30,0.9496594105370424
29,RF,30,0.9568179924828981
29,XGBoost,30,0.8876425441086494
29,SVR,30,0.6646691854578897
29,Ridge,30,0.7019313548645003
29,GBR,30,0.9374059499582947
29,MLP,30,0.3118448873386924
29,TabPFN,35,0.9514846797706117
29,RF,35,0.9582941630055293
29,XGBoost,35,0.9106056798225722
29,SVR,35,0.7081480836916467
29,Ridge,35,0.5223966169139486
29,GBR,35,0.8816532772510544
29,MLP,35,-0.765076178620576
29,TabPFN,40,0.9667117364240838
29,RF,40,0.9352568342398861
29,XGBoost,40,0.8872841845672162
29,SVR,40,0.5945448702280967
29,Ridge,40,0.4695071815777926
29,GBR,40,0.9010636288959853
29,MLP,40,0.011184704094795106
29,TabPFN,45,0.9725545057035966
29,RF,45,0.9663731043693571
29,XGBoost,45,0.8988619488021687
29,SVR,45,0.7004029133753904
29,Ridge,45,0.4644481038424988
29,GBR,45,0.9394925722749933
29,MLP,45,0.047837461422449934
29,TabPFN,48,0.9703530962650726
29,RF,48,0.9538316090968422
29,XGBoost,48,0.8938465853980724
29,SVR,48,0.7021649558649011
29,Ridge,48,0.45550869916983483
29,GBR,48,0.9259626578381107
29,MLP,48,0.04255817697176789
30,TabPFN,10,0.6748723523474538
30,RF,10,0.569792654761753
30,XGBoost,10,0.14098283971695147
30,SVR,10,0.21795863960578687
30,Ridge,10,-0.8836939577818281
30,GBR,10,0.5592386894168154
30,MLP,10,-2.1147624834288616
30,TabPFN,15,0.8174417173141907
30,RF,15,0.8590181971425886
30,XGBoost,15,0.26556114900293226
30,SVR,15,0.7853778060608828
30,Ridge,15,0.5928437084679898
30,GBR,15,0.6026121921688061
30,MLP,15,0.32904684985981236
30,TabPFN,20,0.8740141338286587
30,RF,20,0.8610300456659146
30,XGBoost,20,0.668424769247959
30,SVR,20,0.5636503467774181
30,Ridge,20,0.08509444556486001
30,GBR,20,0.6830590744939506
30,MLP,20,-0.7570063827758875
30,TabPFN,25,0.74546095985549
30,RF,25,0.7570732744894461
30,XGBoost,25,0.3440289399336889
30,SVR,25,0.7582642145634071
30,Ridge,25,0.19463811215658977
30,GBR,25,0.5428238753257917
30,MLP,25,0.642014361444508
30,TabPFN,30,0.9142290172331314
30,RF,30,0.819909147976185
30,XGBoost,30,0.6528668922847656
30,SVR,30,0.5974755108318578
30,Ridge,30,-0.2213514381235564
30,GBR,30,0.6362202106935566
30,MLP,30,-0.9256955193240521
30,TabPFN,35,0.823610054716495
30,RF,35,0.8763437325114591
30,XGBoost,35,0.781300369623035
30,SVR,35,0.8590494529710764
30,Ridge,35,0.30790025810138744
30,GBR,35,0.748146808069816
30,MLP,35,0.07313051906139834
30,TabPFN,40,0.8373769001315541
30,RF,40,0.8506516838259397
30,XGBoost,40,0.8014788465448428
30,SVR,40,0.8759641864483545
30,Ridge,40,0.33945340099967325
30,GBR,40,0.7607561540458092
30,MLP,40,-1.0864725731209592
30,TabPFN,45,0.8597907819303061
30,RF,45,0.8385149769512177
30,XGBoost,45,0.785419754274137
30,SVR,45,0.8799266957862822
30,Ridge,45,0.23681105867526897
30,GBR,45,0.7321176868744939
30,MLP,45,0.44373755727081854
30,TabPFN,48,0.8449437472710535
30,RF,48,0.8432815087168883
30,XGBoost,48,0.7984421058529647
30,SVR,48,0.8913683952156989
30,Ridge,48,0.2124020599257247
30,GBR,48,0.7531754905687086
30,MLP,48,0.5675374275381616
31,TabPFN,10,0.7513963919056079
31,RF,10,0.7693624356911657
31,XGBoost,10,0.6855193678944769
31,SVR,10,0.2703158244205309
31,Ridge,10,-5.374180389149208
31,GBR,10,0.708160911787317
31,MLP,10,-4.550346059286356
31,TabPFN,15,0.8586163974508325
31,RF,15,0.8355314577953366
31,XGBoost,15,0.8584525506128966
31,SVR,15,0.4089704090472016
31,Ridge,15,-1.7405844918316808
31,GBR,15,0.8133456773538783
31,MLP,15,-3.7979212413018306
31,TabPFN,20,0.8606630284578054
31,RF,20,0.8774853113446693
31,XGBoost,20,0.9273108308398148
31,SVR,20,0.5284904390607911
31,Ridge,20,0.4191074791911562
31,GBR,20,0.865842583102351
31,MLP,20,0.209080353093812
31,TabPFN,25,0.8284103027577143
31,RF,25,0.8220398901458195
31,XGBoost,25,0.8090587467191963
31,SVR,25,0.33329943237881554
31,Ridge,25,-0.05332391749725329
31,GBR,25,0.7867401818499871
31,MLP,25,0.26403678116675
31,TabPFN,30,0.8996068190664217
31,RF,30,0.8646773474575365
31,XGBoost,30,0.9155818258711056
31,SVR,30,0.34318737989590375
31,Ridge,30,0.22292985659636977
31,GBR,30,0.7798130254370279
31,MLP,30,-0.186247161965871
31,TabPFN,35,0.8143449396893614
31,RF,35,0.8261512407050603
31,XGBoost,35,0.8898006917776471
31,SVR,35,0.5032918759171043
31,Ridge,35,0.5207943838386406
31,GBR,35,0.7828032622305738
31,MLP,35,0.5641711689153721
31,TabPFN,40,0.8847041142475811
31,RF,40,0.840098360412141
31,XGBoost,40,0.9281698018151863
31,SVR,40,0.4670623011647599
31,Ridge,40,0.5430150530381891
31,GBR,40,0.7585301670926944
31,MLP,40,0.6311984400388244
31,TabPFN,45,0.8838014102915692
31,RF,45,0.8233930900588212
31,XGBoost,45,0.9217867619557232
31,SVR,45,0.5151755095413395
31,Ridge,45,0.5410682893279495
31,GBR,45,0.7902550545012237
31,MLP,45,0.24124080783841673
31,TabPFN,48,0.8756344789413459
31,RF,48,0.8268871727883456
31,XGBoost,48,0.9197920505508479
31,SVR,48,0.51006897342541
31,Ridge,48,0.5354290347483814
31,GBR,48,0.7915186579206512
31,MLP,48,0.22783738568953515
32,TabPFN,10,0.8743631740681109
32,RF,10,0.8085071136587499
32,XGBoost,10,0.6279192978356464
32,SVR,10,0.5800157456855322
32,Ridge,10,0.6284582842067878
32,GBR,10,0.7776111094398525
32,MLP,10,-0.5841715885696455
32,TabPFN,15,0.9507406879006587
32,RF,15,0.8871560913326189
32,XGBoost,15,0.7040971846966044
32,SVR,15,0.7773008651365344
32,Ridge,15,0.6384723231133682
32,GBR,15,0.8484913308461294
32,MLP,15,-0.914549701503302
32,TabPFN,20,0.8982076394261213
32,RF,20,0.8794221639411062
32,XGBoost,20,0.8483811667501057
32,SVR,20,0.8067525717476733
32,Ridge,20,0.7217220454016957
32,GBR,20,0.8577450472310142
32,MLP,20,0.47053875037904114
32,TabPFN,25,0.9327699313533874
32,RF,25,0.9229034411237982
32,XGBoost,25,0.8352279957081873
32,SVR,25,0.6891947344737549
32,Ridge,25,0.6712535392761172
32,GBR,25,0.9262603104010612
32,MLP,25,-0.8523638724955604
32,TabPFN,30,0.9285454796461479
32,RF,30,0.870823007297959
32,XGBoost,30,0.9017373946805809
32,SVR,30,0.6408055790814233
32,Ridge,30,0.6537782797529623
32,GBR,30,0.8719779355162502
32,MLP,30,0.44695892813316784
32,TabPFN,35,0.9226473078204125
32,RF,35,0.9273765054371841
32,XGBoost,35,0.8980601607996342
32,SVR,35,0.7024195716329276
32,Ridge,35,0.7665884873169606
32,GBR,35,0.9239696483366282
32,MLP,35,0.800032386679278
32,TabPFN,40,0.9454308260081576
32,RF,40,0.9316557182158587
32,XGBoost,40,0.8807108488249267
32,SVR,40,0.6793582525443695
32,Ridge,40,0.7415446696621933
32,GBR,40,0.923943093022526
32,MLP,40,-0.8727486640734878
32,TabPFN,45,0.9418482817595866
32,RF,45,0.9317875300126769
32,XGBoost,45,0.9039721233327443
32,SVR,45,0.762926799560924
32,Ridge,45,0.7359216849946
32,GBR,45,0.9324427855007523
32,MLP,45,-0.5587210611547486
32,TabPFN,48,0.937806806990432
32,RF,48,0.9248329673046477
32,XGBoost,48,0.8954158339621139
32,SVR,48,0.763618526328388
32,Ridge,48,0.7409071293682579
32,GBR,48,0.928557811138766
32,MLP,48,0.8750178642729349
33,TabPFN,10,0.7555370774150492
33,RF,10,0.49888153123448553
33,XGBoost,10,0.6062021130721638
33,SVR,10,0.3986825321833888
33,Ridge,10,0.0803168839610553
33,GBR,10,0.744854398713686
33,MLP,10,-2.746680274649505
33,TabPFN,15,0.9679928243512044
33,RF,15,0.8208976580106838
33,XGBoost,15,0.18464958166720502
33,SVR,15,0.6656689413186607
33,Ridge,15,0.719855895151719
33,GBR,15,0.6216344112949277
33,MLP,15,-5.118815762872916
33,TabPFN,20,0.9516119546898981
33,RF,20,0.9213742876068468
33,XGBoost,20,0.8715779983492485
33,SVR,20,0.7711101592260075
33,Ridge,20,0.39732671096304817
33,GBR,20,0.8737155261068978
33,MLP,20,0.602223449887559
33,TabPFN,25,0.9275995583627117
33,RF,25,0.8972616634285692
33,XGBoost,25,0.720395873395961
33,SVR,25,0.8336607103415535
33,Ridge,25,0.5839742271801642
33,GBR,25,0.6800468898213942
33,MLP,25,0.35988109503673904
33,TabPFN,30,0.9611259839626984
33,RF,30,0.8575033416508699
33,XGBoost,30,0.8302087285397368
33,SVR,30,0.9025910021527578
33,Ridge,30,0.5235664581645265
33,GBR,30,0.8369673750032189
33,MLP,30,-0.8160995391106414
33,TabPFN,35,0.9651660207555433
33,RF,35,0.8791176217738711
33,XGBoost,35,0.817798502923667
33,SVR,35,0.8221877204610101
33,Ridge,35,0.6747551442718779
33,GBR,35,0.7900849973398048
33,MLP,35,-0.7191214546006319
33,TabPFN,40,0.9693996131319971
33,RF,40,0.8689303305135848
33,XGBoost,40,0.8294717325572059
33,SVR,40,0.842690306293334
33,Ridge,40,0.727730550204933
33,GBR,40,0.8257098340515594
33,MLP,40,0.9112057217811047
33,TabPFN,45,0.963645947807832
33,RF,45,0.8609773846319082
33,XGBoost,45,0.8504232351889695
33,SVR,45,0.8997626750653742
33,Ridge,45,0.7026463504896684
33,GBR,45,0.8190793187901321
33,MLP,45,0.9273995136719112
33,TabPFN,48,0.9664144275617458
33,RF,48,0.8591629102068048
33,XGBoost,48,0.849339114050817
33,SVR,48,0.8681959771454235
33,Ridge,48,0.6962553083103327
33,GBR,48,0.8295165889473155
33,MLP,48,0.943245506560661
34,TabPFN,10,0.7941302054035598
34,RF,10,0.7036535079754227
34,XGBoost,10,0.42169443429511666
34,SVR,10,0.3439159013086901
34,Ridge,10,0.44518510134299893
34,GBR,10,0.8120483151280506
34,MLP,10,-1.5580632993325003
34,TabPFN,15,0.6940008210787854
34,RF,15,0.7472870044864044
34,XGBoost,15,0.7654629682720644
34,SVR,15,0.3230237891003892
34,Ridge,15,0.36652303239025774
34,GBR,15,0.7244152897826404
34,MLP,15,-5.283192591306641
34,TabPFN,20,0.8495567978422791
34,RF,20,0.7944378317453806
34,XGBoost,20,0.7632467470537537
34,SVR,20,0.440171918512555
34,Ridge,20,0.3188057063949957
34,GBR,20,0.774681078815372
34,MLP,20,0.018760793684289068
34,TabPFN,25,0.8406126724984495
34,RF,25,0.9075891141283204
34,XGBoost,25,0.8868368222417825
34,SVR,25,0.6305275601552578
34,Ridge,25,0.3264454643695094
34,GBR,25,0.9348155659198594
34,MLP,25,-0.07501028821118272
34,TabPFN,30,0.7722110115014403
34,RF,30,0.8498958510550452
34,XGBoost,30,0.7746259423598334
34,SVR,30,0.4385473408212648
34,Ridge,30,0.6216468905706682
34,GBR,30,0.8605646253799526
34,MLP,30,0.04483603393211766
34,TabPFN,35,0.9299796825461821
34,RF,35,0.9350574311990315
34,XGBoost,35,0.9368684753113047
34,SVR,35,0.5933182593190843
34,Ridge,35,0.2439781516647972
34,GBR,35,0.9374162252454539
34,MLP,35,-1.2387483905339347
34,TabPFN,40,0.9343368432974832
34,RF,40,0.9072019702019379
34,XGBoost,40,0.9209758511461698
34,SVR,40,0.608473721000347
34,Ridge,40,0.4403987056937253
34,GBR,40,0.9270508065329411
34,MLP,40,-0.7810038457472062
34,TabPFN,45,0.9473375136831963
34,RF,45,0.9613296398501244
34,XGBoost,45,0.9692249227567337
34,SVR,45,0.7328530565584281
34,Ridge,45,0.28394115067424774
34,GBR,45,0.967965117962379
34,MLP,45,0.7761326517196179
34,TabPFN,48,0.9345033154052941
34,RF,48,0.9327246012992898
34,XGBoost,48,0.9391299376941429
34,SVR,48,0.6734833511489935
34,Ridge,48,0.2886109060452864
34,GBR,48,0.9132694628309665
34,MLP,48,0.6225552905453677
35,TabPFN,10,0.8754641206148317
35,RF,10,0.7419455977883028
35,XGBoost,10,0.3081481945850011
35,SVR,10,0.24135940615273177
35,Ridge,10,0.2128200666203044
35,GBR,10,0.6324089101926024
35,MLP,10,-0.9681766161284766
35,TabPFN,15,0.8472157148866204
35,RF,15,0.8429819282393164
35,XGBoost,15,0.7223840183857847
35,SVR,15,0.39679795668736595
35,Ridge,15,-0.4632920400207394
35,GBR,15,0.872293265767883
35,MLP,15,-2.6643728018832946
35,TabPFN,20,0.947355480749093
35,RF,20,0.8339130585431516
35,XGBoost,20,0.5434592845253574
35,SVR,20,0.3794736877445589
35,Ridge,20,0.33720263214860435
35,GBR,20,0.8872317542995575
35,MLP,20,-1.6641474010640156
35,TabPFN,25,0.9589368956026781
35,RF,25,0.8525789290473311
35,XGBoost,25,0.8696478656254691
35,SVR,25,0.43592833133685394
35,Ridge,25,0.16589720986648937
35,GBR,25,0.7856636515604091
35,MLP,25,0.15395731241477184
35,TabPFN,30,0.9646791780163207
35,RF,30,0.9301108705523213
35,XGBoost,30,0.8894906495881962
35,SVR,30,0.44952647411171354
35,Ridge,30,-0.34572601472938924
35,GBR,30,0.886320321515179
35,MLP,30,-3.6465232923382622
35,TabPFN,35,0.9696424098483262
35,RF,35,0.9320429577791248
35,XGBoost,35,0.8733039756716954
35,SVR,35,0.5133041591613507
35,Ridge,35,0.29735516401432294
35,GBR,35,0.9190016105451069
35,MLP,35,-0.8821258170775244
35,TabPFN,40,0.9750581621718493
35,RF,40,0.9350663779603278
35,XGBoost,40,0.911632649458941
35,SVR,40,0.5605529591017033
35,Ridge,40,-0.26070543536429835
35,GBR,40,0.9015236052259917
35,MLP,40,-2.1550142704807467
35,TabPFN,45,0.9686031553590743
35,RF,45,0.9350268014996542
35,XGBoost,45,0.9015413847204079
35,SVR,45,0.6186509843700189
35,Ridge,45,0.19775940774920764
35,GBR,45,0.8997227283444476
35,MLP,45,0.6144947664483544
35,TabPFN,48,0.9744414972162029
35,RF,48,0.9438326681011162
35,XGBoost,48,0.9030897988874309
35,SVR,48,0.5729054854744176
35,Ridge,48,0.267858836262172
35,GBR,48,0.900084695849205
35,MLP,48,0.8424093188872668
36,TabPFN,10,0.7804693646371091
36,RF,10,0.7259937309129557
36,XGBoost,10,0.7985238546378431
36,SVR,10,0.6316689192102167
36,Ridge,10,0.4999155855952119
36,GBR,10,0.8257389999224352
36,MLP,10,-0.6036336347613875
36,TabPFN,15,0.8919199221929874
36,RF,15,0.859802193765049
36,XGBoost,15,0.5339715609673235
36,SVR,15,0.4731739945958936
36,Ridge,15,0.49457846669513883
36,GBR,15,0.7607201373180716
36,MLP,15,-0.6653879870861814
36,TabPFN,20,0.9035678880375512
36,RF,20,0.8856197880995736
36,XGBoost,20,0.8864412597378464
36,SVR,20,0.5800832770019217
36,Ridge,20,0.38163913711137165
36,GBR,20,0.876118209362864
36,MLP,20,0.4243297976179884
36,TabPFN,25,0.8933128842389858
36,RF,25,0.8610943600312984
36,XGBoost,25,0.870262368980011
36,SVR,25,0.6707199813277936
36,Ridge,25,0.38645397245849744
36,GBR,25,0.8542865772992057
36,MLP,25,0.009888473796578423
36,TabPFN,30,0.9075346491444186
36,RF,30,0.9106152635200073
36,XGBoost,30,0.9080065566352084
36,SVR,30,0.7528920535711416
36,Ridge,30,0.4317111314453782
36,GBR,30,0.8856053736631417
36,MLP,30,0.05897326251562707
36,TabPFN,35,0.8530492283619839
36,RF,35,0.891119927655042
36,XGBoost,35,0.8855344683954961
36,SVR,35,0.7139030780096633
36,Ridge,35,0.41716983277705344
36,GBR,35,0.8246904210065518
36,MLP,35,0.40050298961675657
36,TabPFN,40,0.9012609137633706
36,RF,40,0.8807469832068866
36,XGBoost,40,0.8596015285350666
36,SVR,40,0.8157684462530893
36,Ridge,40,0.3062391149530008
36,GBR,40,0.8721788442108582
36,MLP,40,0.6454925472976423
36,TabPFN,45,0.9039973683336944
36,RF,45,0.9091462310463103
36,XGBoost,45,0.8984824289718956
36,SVR,45,0.8489784884972864
36,Ridge,45,0.2881947063751593
36,GBR,45,0.89470057708853
36,MLP,45,0.19036669930506633
36,TabPFN,48,0.9053833627121226
36,RF,48,0.8949966011033643
36,XGBoost,48,0.8884145224346992
36,SVR,48,0.7800622603262796
36,Ridge,48,0.3853255960012584
36,GBR,48,0.8893087844549665
36,MLP,48,0.38082015350059606
37,TabPFN,10,0.8350594028489194
37,RF,10,0.829519220444224
37,XGBoost,10,0.6571724163032138
37,SVR,10,0.6582610525696128
37,Ridge,10,0.7649731971971246
37,GBR,10,0.8503891753009971
37,MLP,10,2.9469974647922115e-05
37,TabPFN,15,0.909049960243753
37,RF,15,0.8914033305553482
37,XGBoost,15,0.8146510274576296
37,SVR,15,0.6847287856666928
37,Ridge,15,0.8660063090977683
37,GBR,15,0.8960106942308212
37,MLP,15,0.4652054777914739
37,TabPFN,20,0.8571055439132216
37,RF,20,0.8498379150137804
37,XGBoost,20,0.847451477268975
37,SVR,20,0.4794444380097348
37,Ridge,20,0.4648988462321063
37,GBR,20,0.8695297537055121
37,MLP,20,-0.16285401156508406
37,TabPFN,25,0.822819477902237
37,RF,25,0.8204944546733369
37,XGBoost,25,0.7919778962700318
37,SVR,25,0.6283611361979061
37,Ridge,25,0.7970719743135162
37,GBR,25,0.799820129667747
37,MLP,25,0.4902532021423419
37,TabPFN,30,0.8641361292216889
37,RF,30,0.8348526445828298
37,XGBoost,30,0.8226280531400059
37,SVR,30,0.6532796290801772
37,Ridge,30,0.7526365008146254
37,GBR,30,0.7882924085957523
37,MLP,30,-0.08304145418517739
37,TabPFN,35,0.8707106532628042
37,RF,35,0.8565895455488844
37,XGBoost,35,0.8620515812643524
37,SVR,35,0.6970462931093035
37,Ridge,35,0.7811524663703799
37,GBR,35,0.7882872964816807
37,MLP,35,0.7764246898154403
37,TabPFN,40,0.897430631960508
37,RF,40,0.8406255369617395
37,XGBoost,40,0.844761504614473
37,SVR,40,0.5963336240866202
37,Ridge,40,0.8081080753434331
37,GBR,40,0.8221212406106188
37,MLP,40,0.8940674425747135
37,TabPFN,45,0.9023830425467356
37,RF,45,0.8140215179185325
37,XGBoost,45,0.8429064583426422
37,SVR,45,0.7029954201299267
37,Ridge,45,0.7827623454087155
37,GBR,45,0.7895855727791043
37,MLP,45,0.8133974983689682
37,TabPFN,48,0.8975386592537868
37,RF,48,0.8276709957035979
37,XGBoost,48,0.8462113105607789
37,SVR,48,0.6912505058677674
37,Ridge,48,0.7844049770541395
37,GBR,48,0.7973450023535841
37,MLP,48,-0.22062837214916375
38,TabPFN,10,0.727202770500082
38,RF,10,0.5871799741792758
38,XGBoost,10,0.7106251036576045
38,SVR,10,0.09916695970085321
38,Ridge,10,0.10170820711124262
38,GBR,10,0.7010564890117505
38,MLP,10,-1.0875958679452111
38,TabPFN,15,0.8657639379889845
38,RF,15,0.8840752014711514
38,XGBoost,15,0.5933797246973327
38,SVR,15,0.5346140546296188
38,Ridge,15,0.22450118764230742
38,GBR,15,0.8746230529253757
38,MLP,15,-8.78799600731913
38,TabPFN,20,0.8419394532689815
38,RF,20,0.7589197573619062
38,XGBoost,20,0.7741965802196877
38,SVR,20,0.5908651029880819
38,Ridge,20,0.4907629229286976
38,GBR,20,0.7387412734861973
38,MLP,20,-0.38959822008159506
38,TabPFN,25,0.9021037608189308
38,RF,25,0.8813059569861519
38,XGBoost,25,0.8957179898871113
38,SVR,25,0.5231379471445698
38,Ridge,25,0.5321044590755271
38,GBR,25,0.8420926101885329
38,MLP,25,-0.9970956919183649
38,TabPFN,30,0.8786185462926865
38,RF,30,0.8290819996801104
38,XGBoost,30,0.8051779960209273
38,SVR,30,0.6805528094411543
38,Ridge,30,0.45169255188745183
38,GBR,30,0.7844759439876428
38,MLP,30,0.3009150950017103
38,TabPFN,35,0.8896509249380411
38,RF,35,0.8396770567311627
38,XGBoost,35,0.8311980347765278
38,SVR,35,0.5809530624687826
38,Ridge,35,0.497584762541593
38,GBR,35,0.7343098468063197
38,MLP,35,0.37408712764637486
38,TabPFN,40,0.9377978871757896
38,RF,40,0.9070605681137672
38,XGBoost,40,0.8664894650501014
38,SVR,40,0.5402592957828141
38,Ridge,40,0.5788609768453004
38,GBR,40,0.8482845276828856
38,MLP,40,-0.5102405961351977
38,TabPFN,45,0.9249773637732117
38,RF,45,0.8856048015481833
38,XGBoost,45,0.8153168124350626
38,SVR,45,0.5998749091693345
38,Ridge,45,0.5412100661909185
38,GBR,45,0.843643124483193
38,MLP,45,0.4080951353650155
38,TabPFN,48,0.9344518380241216
38,RF,48,0.9248897748149288
38,XGBoost,48,0.8890714337509567
38,SVR,48,0.627318983931588
38,Ridge,48,0.5852650548431262
38,GBR,48,0.9229227824485383
38,MLP,48,-0.5637302112741667
39,TabPFN,10,0.8491494820175378
39,RF,10,0.7660451641386385
39,XGBoost,10,0.039063066540335756
39,SVR,10,0.3582280677986056
39,Ridge,10,0.6242187827697299
39,GBR,10,0.7842169631914145
39,MLP,10,-0.015469406069485991
39,TabPFN,15,0.9490403499989069
39,RF,15,0.9390851082899299
39,XGBoost,15,0.9511101734570723
39,SVR,15,0.7813977362425815
39,Ridge,15,0.6218259689910509
39,GBR,15,0.9639773371390469
39,MLP,15,0.20046018925144926
39,TabPFN,20,0.9560050264013276
39,RF,20,0.8176303472671222
39,XGBoost,20,0.39410941615775696
39,SVR,20,0.7421050022136584
39,Ridge,20,0.7217850073950551
39,GBR,20,0.744431432955593
39,MLP,20,0.8136406298965599
39,TabPFN,25,0.97333396137236
39,RF,25,0.910855579016357
39,XGBoost,25,0.5566320357153349
39,SVR,25,0.781617356347631
39,Ridge,25,0.6260851866858017
39,GBR,25,0.75751125465262
39,MLP,25,-0.8301014942199616
39,TabPFN,30,0.9631043586950182
39,RF,30,0.9001717400463327
39,XGBoost,30,0.954555680563134
39,SVR,30,0.791222854991604
39,Ridge,30,0.6735249314851202
39,GBR,30,0.8393073792941633
39,MLP,30,-1.0738070010444365
39,TabPFN,35,0.959450979723255
39,RF,35,0.9511732683398932
39,XGBoost,35,0.9144164313468822
39,SVR,35,0.7568289120192478
39,Ridge,35,0.7167496292113605
39,GBR,35,0.9194968096534536
39,MLP,35,-1.6060484306305627
39,TabPFN,40,0.954965513469905
39,RF,40,0.958612867085658
39,XGBoost,40,0.946937224012875
39,SVR,40,0.8212843606240591
39,Ridge,40,0.7985532215585565
39,GBR,40,0.9326592467377316
39,MLP,40,0.8901091822681602
39,TabPFN,45,0.95793116108722
39,RF,45,0.9620322623346279
39,XGBoost,45,0.9494895057761562
39,SVR,45,0.797691198783394
39,Ridge,45,0.7608646130769647
39,GBR,45,0.9546063201525008
39,MLP,45,-1.4349313309879714
39,TabPFN,48,0.9560056882759662
39,RF,48,0.9629557966109417
39,XGBoost,48,0.9501546047388856
39,SVR,48,0.7882085251960822
39,Ridge,48,0.7527728050944819
39,GBR,48,0.939730439684614
39,MLP,48,-0.9497396472480097
40,TabPFN,10,0.8634983801358969
40,RF,10,0.8074420784886791
40,XGBoost,10,0.08861716584431534
40,SVR,10,0.5187121816923914
40,Ridge,10,0.4720745496271783
40,GBR,10,0.7852995648176904
40,MLP,10,-0.15780572796746495
40,TabPFN,15,0.8965867035104643
40,RF,15,0.9237788041813463
40,XGBoost,15,0.6158014326201331
40,SVR,15,0.8493885589047179
40,Ridge,15,0.5956178276053721
40,GBR,15,0.8951755460393019
40,MLP,15,0.10209198854099166
40,TabPFN,20,0.9308229664581636
40,RF,20,0.9123290213496825
40,XGBoost,20,0.9251761018204985
40,SVR,20,0.7523476019082727
40,Ridge,20,0.5753664974358897
40,GBR,20,0.9219952495291198
40,MLP,20,-2.337302418721439
40,TabPFN,25,0.9386432063119604
40,RF,25,0.9152851476324795
40,XGBoost,25,0.8647945717669001
40,SVR,25,0.7127545939939892
40,Ridge,25,0.5579079920793614
40,GBR,25,0.9058625105471447
40,MLP,25,0.4959896138501323
40,TabPFN,30,0.9362794702436966
40,RF,30,0.8931768495602485
40,XGBoost,30,0.9184033199576462
40,SVR,30,0.7671113760351196
40,Ridge,30,0.5053903667898842
40,GBR,30,0.9180231480901823
40,MLP,30,-1.5484791178555062
40,TabPFN,35,0.9342481341157505
40,RF,35,0.9126748999459181
40,XGBoost,35,0.9510165594601682
40,SVR,35,0.7827607362965306
40,Ridge,35,0.4956206506774371
40,GBR,35,0.876471136967575
40,MLP,35,0.15202393460014663
40,TabPFN,40,0.9265894580318386
40,RF,40,0.8706334750949821
40,XGBoost,40,0.7526897803857939
40,SVR,40,0.7548130930631112
40,Ridge,40,0.5151571770684684
40,GBR,40,0.8462827598583544
40,MLP,40,0.7838435978078452
40,TabPFN,45,0.9345606268042357
40,RF,45,0.9237852227983231
40,XGBoost,45,0.9271977769165414
40,SVR,45,0.676129525481731
40,Ridge,45,0.5625314653712299
40,GBR,45,0.8961805663276023
40,MLP,45,0.8035225478940408
40,TabPFN,48,0.9352473243942208
40,RF,48,0.9294380832254332
40,XGBoost,48,0.9197604418115942
40,SVR,48,0.7535620469458741
40,Ridge,48,0.5788712617982368
40,GBR,48,0.9073978946950202
40,MLP,48,-0.3716594600615881
41,TabPFN,10,0.7939438265760117
41,RF,10,0.5243245984251715
41,XGBoost,10,0.781256293240176
41,SVR,10,0.4059356576265454
41,Ridge,10,0.34634761442207773
41,GBR,10,0.5897361270119443
41,MLP,10,-0.12436042656303159
41,TabPFN,15,0.9468455320868757
41,RF,15,0.8470029899418339
41,XGBoost,15,0.832792940895934
41,SVR,15,0.8192717228065374
41,Ridge,15,0.8117695359159453
41,GBR,15,0.8599895146985846
41,MLP,15,0.42402553662093145
41,TabPFN,20,0.8401110476794011
41,RF,20,0.8594522501054118
41,XGBoost,20,0.8742891817473347
41,SVR,20,0.4150651015611907
41,Ridge,20,0.7261310213443962
41,GBR,20,0.8240035032683504
41,MLP,20,0.4771515820621196
41,TabPFN,25,0.8200851462792241
41,RF,25,0.7585349757288838
41,XGBoost,25,0.7632086272345568
41,SVR,25,0.03359755283681176
41,Ridge,25,0.44875913368073117
41,GBR,25,0.5154867463180013
41,MLP,25,-0.6002921352205248
41,TabPFN,30,0.9468225464191193
41,RF,30,0.8741434005418104
41,XGBoost,30,0.9111359032754324
41,SVR,30,0.727028839418824
41,Ridge,30,0.6326829966885521
41,GBR,30,0.8967241721541015
41,MLP,30,-0.7758134304184112
41,TabPFN,35,0.9456493549315215
41,RF,35,0.9124153994888614
41,XGBoost,35,0.771840473613695
41,SVR,35,0.6056089671834393
41,Ridge,35,0.43770975024646963
41,GBR,35,0.8600446755418448
41,MLP,35,-1.8625577175116383
41,TabPFN,40,0.9436914945680407
41,RF,40,0.9194585519027726
41,XGBoost,40,0.8015008415630334
41,SVR,40,0.5235368857431535
41,Ridge,40,0.4886568825268376
41,GBR,40,0.874028623872734
41,MLP,40,0.3061779654802924
41,TabPFN,45,0.9330403842590927
41,RF,45,0.8964623165631834
41,XGBoost,45,0.7296302647659849
41,SVR,45,0.7630205661198658
41,Ridge,45,0.4470267796606928
41,GBR,45,0.8218443632491784
41,MLP,45,0.697599031376773
41,TabPFN,48,0.9371014141621237
41,RF,48,0.9110646832959679
41,XGBoost,48,0.7636090658023919
41,SVR,48,0.6292441506985431
41,Ridge,48,0.45746141849993205
41,GBR,48,0.8342038694174826
41,MLP,48,-0.10468975082565879
42,TabPFN,10,0.8014056950093785
42,RF,10,0.7917565279805461
42,XGBoost,10,0.4432939864685578
42,SVR,10,0.42347963119826004
42,Ridge,10,0.7298947952918592
42,GBR,10,0.8127300211647795
42,MLP,10,0.5153608586101428
42,TabPFN,15,0.8564645271280449
42,RF,15,0.8436267378958494
42,XGBoost,15,0.9132301491844553
42,SVR,15,0.47648067943268413
42,Ridge,15,0.43949580875417704
42,GBR,15,0.821995021482826
42,MLP,15,-1.3189432360499502
42,TabPFN,20,0.937117396113749
42,RF,20,0.9151002861035672
42,XGBoost,20,0.8472324732053595
42,SVR,20,0.5091865908479845
42,Ridge,20,0.6496660591607312
42,GBR,20,0.9285443701170794
42,MLP,20,0.41492725355353954
42,TabPFN,25,0.8880593792625774
42,RF,25,0.9329779494959589
42,XGBoost,25,0.9256230748552858
42,SVR,25,0.6001243548780745
42,Ridge,25,0.27993224355367574
42,GBR,25,0.9439734258143725
42,MLP,25,0.7085463825823761
42,TabPFN,30,0.9218798106600353
42,RF,30,0.870772468456525
42,XGBoost,30,0.8913829975456636
42,SVR,30,0.6099887803292396
42,Ridge,30,0.4814833865458953
42,GBR,30,0.794278408750824
42,MLP,30,0.02706615048396699
42,TabPFN,35,0.9213790613119147
42,RF,35,0.8651667990858317
42,XGBoost,35,0.9240187944448958
42,SVR,35,0.4733210058830868
42,Ridge,35,0.6796953212357527
42,GBR,35,0.8424867939455013
42,MLP,35,0.6454266232171224
42,TabPFN,40,0.932800211317905
42,RF,40,0.8984965806822598
42,XGBoost,40,0.914263314412847
42,SVR,40,0.8073021109991145
42,Ridge,40,0.6895155664849848
42,GBR,40,0.8289732295811608
42,MLP,40,0.7341214670421747
42,TabPFN,45,0.9337367956094108
42,RF,45,0.8752572143819695
42,XGBoost,45,0.9198473078106724
42,SVR,45,0.7708390261023333
42,Ridge,45,0.7103489658334656
42,GBR,45,0.8551900075669471
42,MLP,45,0.25349816788444557
42,TabPFN,48,0.9377922119146789
42,RF,48,0.8807670768135928
42,XGBoost,48,0.9348258392586757
42,SVR,48,0.7629950811514088
42,Ridge,48,0.7156767281236383
42,GBR,48,0.8511421789274005
42,MLP,48,0.22637350002195777
43,TabPFN,10,0.7112258023851017
43,RF,10,0.7976424057125305
43,XGBoost,10,0.7326667908735354
43,SVR,10,0.28459114509399863
43,Ridge,10,-2.4371725811271863
43,GBR,10,0.8204005032876616
43,MLP,10,-10.838810771369666
43,TabPFN,15,0.8487191750175623
43,RF,15,0.8984553960313383
43,XGBoost,15,0.91143628904821
43,SVR,15,0.3311032635484733
43,Ridge,15,0.36059975182705795
43,GBR,15,0.8381699384252396
43,MLP,15,-7.026330053824882
43,TabPFN,20,0.9192971764845012
43,RF,20,0.8204008910049317
43,XGBoost,20,0.779159145200844
43,SVR,20,0.025149498048949614
43,Ridge,20,-1.9794897013412216
43,GBR,20,0.8009751467893336
43,MLP,20,-5.6525085132255395
43,TabPFN,25,0.8438147379797623
43,RF,25,0.9298696357533014
43,XGBoost,25,0.8420017501074358
43,SVR,25,0.2542385952055396
43,Ridge,25,-2.692046129579211
43,GBR,25,0.9398427864139849
43,MLP,25,-2.07094945153749
43,TabPFN,30,0.8684915760333993
43,RF,30,0.8048740251906517
43,XGBoost,30,0.7698677386268674
43,SVR,30,0.4638000010992379
43,Ridge,30,0.035030423069692174
43,GBR,30,0.7467035833834181
43,MLP,30,-1.181178251572732
43,TabPFN,35,0.8486310948476805
43,RF,35,0.8775158805809695
43,XGBoost,35,0.8964111255423036
43,SVR,35,0.5102981211695224
43,Ridge,35,-0.5265528760775726
43,GBR,35,0.8527377679627239
43,MLP,35,0.39446293371597574
43,TabPFN,40,0.8549644305372108
43,RF,40,0.8312020986588229
43,XGBoost,40,0.7955138065730329
43,SVR,40,0.4729996960797572
43,Ridge,40,0.32870654017561485
43,GBR,40,0.7768559213973715
43,MLP,40,0.40504762410117634
43,TabPFN,45,0.8704104330554594
43,RF,45,0.9039538493917872
43,XGBoost,45,0.8946163151295464
43,SVR,45,0.46061683300935796
43,Ridge,45,-0.296890819606624
43,GBR,45,0.8927661646988603
43,MLP,45,-3.095173285498853
43,TabPFN,48,0.8711288080013573
43,RF,48,0.9150398123073832
43,XGBoost,48,0.8964420015577865
43,SVR,48,0.44977763596227716
43,Ridge,48,-0.19343968960281277
43,GBR,48,0.8939462192458145
43,MLP,48,-0.5231134028397755
44,TabPFN,10,0.8299427099124321
44,RF,10,0.7139483058313456
44,XGBoost,10,0.5510446822519722
44,SVR,10,0.4361985926703972
44,Ridge,10,0.5936118258937458
44,GBR,10,0.8272976486250335
44,MLP,10,-1.6897730953781491
44,TabPFN,15,0.845632364973883
44,RF,15,0.8173319731764999
44,XGBoost,15,0.4587000962283623
44,SVR,15,0.8740205268550497
44,Ridge,15,0.5767611748618198
44,GBR,15,0.7465646013907175
44,MLP,15,0.8112795735195251
44,TabPFN,20,0.9347760834813916
44,RF,20,0.8928002582160698
44,XGBoost,20,0.8291176537251201
44,SVR,20,0.7332383567424119
44,Ridge,20,0.589515558814463
44,GBR,20,0.9306582463082478
44,MLP,20,-0.1892911114348168
44,TabPFN,25,0.8915890335707204
44,RF,25,0.8432577588758481
44,XGBoost,25,0.718489002740067
44,SVR,25,0.7219007202762204
44,Ridge,25,0.744946514172093
44,GBR,25,0.8008475030663473
44,MLP,25,-1.129490673416245
44,TabPFN,30,0.9013511127799393
44,RF,30,0.8185102578409056
44,XGBoost,30,0.5957280555600883
44,SVR,30,0.5710859119979744
44,Ridge,30,0.6201751908400209
44,GBR,30,0.7436908251772283
44,MLP,30,0.5277137183735274
44,TabPFN,35,0.8957700686260543
44,RF,35,0.8935463475356396
44,XGBoost,35,0.9038776287015764
44,SVR,35,0.6115233697629157
44,Ridge,35,0.7675467852903127
44,GBR,35,0.8783694693329
44,MLP,35,-1.9380223488625727
44,TabPFN,40,0.9054143367166245
44,RF,40,0.8893148914928796
44,XGBoost,40,0.870184156594317
44,SVR,40,0.6452237662814373
44,Ridge,40,0.740854899406319
44,GBR,40,0.8410117682753449
44,MLP,40,-0.5394744325917302
44,TabPFN,45,0.9158123437474612
44,RF,45,0.8787761757263078
44,XGBoost,45,0.8692839194010348
44,SVR,45,0.5470963839885759
44,Ridge,45,0.7805420066078216
44,GBR,45,0.8480560397960065
44,MLP,45,-0.42907094855756966
44,TabPFN,48,0.9175526921923373
44,RF,48,0.8935985572043406
44,XGBoost,48,0.8720530004650004
44,SVR,48,0.5965902233147189
44,Ridge,48,0.7836921395049034
44,GBR,48,0.851413878650868
44,MLP,48,0.2826160970687397
45,TabPFN,10,0.9084241917457658
45,RF,10,0.8437957817021517
45,XGBoost,10,0.6980624009040207
45,SVR,10,0.7175312151730635
45,Ridge,10,0.6131281751271682
45,GBR,10,0.9017048140496772
45,MLP,10,0.44084380435995774
45,TabPFN,15,0.9262068348620381
45,RF,15,0.8505885588256701
45,XGBoost,15,0.7959409575040061
45,SVR,15,0.7138411527661097
45,Ridge,15,0.47657366939745294
45,GBR,15,0.800438494076467
45,MLP,15,-0.6018395925155462
45,TabPFN,20,0.903967595908887
45,RF,20,0.862341750834132
45,XGBoost,20,0.856539477079548
45,SVR,20,0.7751547612106968
45,Ridge,20,0.500071614395777
45,GBR,20,0.853024105885086
45,MLP,20,-2.43020096774898
45,TabPFN,25,0.9381787181471706
45,RF,25,0.8888814352219461
45,XGBoost,25,0.8962125025474345
45,SVR,25,0.8058061388410671
45,Ridge,25,0.5653054118926206
45,GBR,25,0.7854034782938795
45,MLP,25,0.8587092433267909
45,TabPFN,30,0.911016712275331
45,RF,30,0.8627205288672695
45,XGBoost,30,0.9437998269266514
45,SVR,30,0.6629858816074389
45,Ridge,30,0.635085965021637
45,GBR,30,0.7901606344251177
45,MLP,30,0.7654963673956018
45,TabPFN,35,0.9189861075886304
45,RF,35,0.8798533558052136
45,XGBoost,35,0.9187072574386934
45,SVR,35,0.7789019499863132
45,Ridge,35,0.5804203482829824
45,GBR,35,0.7954950081423269
45,MLP,35,-1.04853887445645
45,TabPFN,40,0.9163962536452985
45,RF,40,0.852397563922977
45,XGBoost,40,0.9492925622649275
45,SVR,40,0.7629538738089823
45,Ridge,40,0.5427470971848202
45,GBR,40,0.8096421543814185
45,MLP,40,0.4091775106977613
45,TabPFN,45,0.9151513799830571
45,RF,45,0.8684942785450765
45,XGBoost,45,0.942074693474709
45,SVR,45,0.8169741504939926
45,Ridge,45,0.5812235771124175
45,GBR,45,0.8092853911194442
45,MLP,45,-0.9692843878892787
45,TabPFN,48,0.9229154541205848
45,RF,48,0.869426356559517
45,XGBoost,48,0.9414172696808529
45,SVR,48,0.8190028286918952
45,Ridge,48,0.5895666802411565
45,GBR,48,0.8234488917215086
45,MLP,48,0.8241748550976906
46,TabPFN,10,0.8076039884942198
46,RF,10,0.6166889557206872
46,XGBoost,10,-0.1558428161653178
46,SVR,10,-0.49380847724406385
46,Ridge,10,0.3956406036870761
46,GBR,10,0.4433877244601129
46,MLP,10,-16.037488361022582
46,TabPFN,15,0.8589950239768077
46,RF,15,0.7777360024167326
46,XGBoost,15,0.668763866894879
46,SVR,15,-0.24903751842715183
46,Ridge,15,0.505006538703084
46,GBR,15,0.7154509173111636
46,MLP,15,0.4486272265390294
46,TabPFN,20,0.7796610386634522
46,RF,20,0.8599470753016564
46,XGBoost,20,0.7992850192432753
46,SVR,20,-0.07530847094208903
46,Ridge,20,0.2633576829927903
46,GBR,20,0.798536959009413
46,MLP,20,-11.51420068541639
46,TabPFN,25,0.7093767156107486
46,RF,25,0.7253450897308866
46,XGBoost,25,0.7035806303064013
46,SVR,25,-0.32747346409927425
46,Ridge,25,0.40838408421753725
46,GBR,25,0.6962198391017445
46,MLP,25,-2.316839153385432
46,TabPFN,30,0.8787972777761028
46,RF,30,0.8113866399156453
46,XGBoost,30,0.7766262018075882
46,SVR,30,-0.15821299736612837
46,Ridge,30,0.4375100646127572
46,GBR,30,0.7565491308183059
46,MLP,30,-2.50879195879649
46,TabPFN,35,0.8652020343536465
46,RF,35,0.7699285295758205
46,XGBoost,35,0.6898011076527825
46,SVR,35,-0.2685067718118348
46,Ridge,35,0.5002304608199388
46,GBR,35,0.6735072256155545
46,MLP,35,-2.4091357574960077
46,TabPFN,40,0.899922380366763
46,RF,40,0.8311033918925956
46,XGBoost,40,0.7168625407460778
46,SVR,40,-0.2601934055627526
46,Ridge,40,0.32537961878006705
46,GBR,40,0.6995593255861079
46,MLP,40,0.4032938960792558
46,TabPFN,45,0.9073743388681903
46,RF,45,0.8336436248894463
46,XGBoost,45,0.7204352921082902
46,SVR,45,0.07932327238381431
46,Ridge,45,0.3620723871331488
46,GBR,45,0.7632302373167208
46,MLP,45,0.4564399159159286
46,TabPFN,48,0.9061435647051829
46,RF,48,0.8400422998056567
46,XGBoost,48,0.7369172617415272
46,SVR,48,0.061580494638826755
46,Ridge,48,0.33609631015734
46,GBR,48,0.7602113056669211
46,MLP,48,0.5251072297862565
47,TabPFN,10,0.7679750952125397
47,RF,10,0.722313961223561
47,XGBoost,10,0.5137967473620221
47,SVR,10,0.49738943815041314
47,Ridge,10,0.2941742590578623
47,GBR,10,0.7890074441480511
47,MLP,10,-0.10465253171481104
47,TabPFN,15,0.7839373127338334
47,RF,15,0.7655990098247295
47,XGBoost,15,0.4571959537794765
47,SVR,15,0.4283264534068305
47,Ridge,15,0.03716106221744542
47,GBR,15,0.6986079588001611
47,MLP,15,-2.6379866923801267
47,TabPFN,20,0.8188462491262896
47,RF,20,0.8015499032358868
47,XGBoost,20,0.808635856024666
47,SVR,20,0.6512000327522129
47,Ridge,20,-0.07553835025028977
47,GBR,20,0.7947475168318813
47,MLP,20,-3.1281945551246064
47,TabPFN,25,0.662045129128872
47,RF,25,0.6639471936658721
47,XGBoost,25,0.2766825363858513
47,SVR,25,0.5291415165264421
47,Ridge,25,-0.8747792206179954
47,GBR,25,0.5923407811738834
47,MLP,25,-8.676439183591594
47,TabPFN,30,0.773142092470124
47,RF,30,0.8608516817862231
47,XGBoost,30,0.7395246973000713
47,SVR,30,0.42458020903824234
47,Ridge,30,0.030273656020298745
47,GBR,30,0.7962173025125645
47,MLP,30,-3.3150574030982716
47,TabPFN,35,0.8100990082509197
47,RF,35,0.8314045323065341
47,XGBoost,35,0.8174544578220303
47,SVR,35,0.5950249991803626
47,Ridge,35,0.2731337533215603
47,GBR,35,0.8456597636482124
47,MLP,35,-2.4431904181190327
47,TabPFN,40,0.8563926409658189
47,RF,40,0.8747551711617088
47,XGBoost,40,0.8266435507502514
47,SVR,40,0.6552244807099237
47,Ridge,40,0.21881852972355242
47,GBR,40,0.873032886384338
47,MLP,40,-0.31920363339706004
47,TabPFN,45,0.7852529796924912
47,RF,45,0.8151477168712296
47,XGBoost,45,0.7685126090062648
47,SVR,45,0.5741073917172297
47,Ridge,45,0.24001915669039553
47,GBR,45,0.783905269694412
47,MLP,45,-2.8883079827352947
47,TabPFN,48,0.8042052804891167
47,RF,48,0.8208780965882498
47,XGBoost,48,0.8101272848810485
47,SVR,48,0.669042962003503
47,Ridge,48,0.07991088085639864
47,GBR,48,0.7831022712023327
47,MLP,48,-2.006799943609596
48,TabPFN,10,0.5410758666716851
48,RF,10,0.4982915662713976
48,XGBoost,10,0.5267288718005079
48,SVR,10,0.18670530391619977
48,Ridge,10,0.3276741196840087
48,GBR,10,0.6990559364451019
48,MLP,10,-1.0916661577984579
48,TabPFN,15,0.8828284215897454
48,RF,15,0.8836738172496564
48,XGBoost,15,0.8592212084601124
48,SVR,15,0.5472359175755617
48,Ridge,15,-0.8665240423203671
48,GBR,15,0.9231139769296478
48,MLP,15,-3.8493826308640653
48,TabPFN,20,0.7069656652682221
48,RF,20,0.7689197709793085
48,XGBoost,20,0.6622415529403924
48,SVR,20,0.4490467815307657
48,Ridge,20,-0.02200595017108009
48,GBR,20,0.6728400243273049
48,MLP,20,-0.5324627979027607
48,TabPFN,25,0.9660072849429391
48,RF,25,0.9378230800047833
48,XGBoost,25,0.9489962742696039
48,SVR,25,0.6279206444282581
48,Ridge,25,0.2684581823399259
48,GBR,25,0.9098232938348431
48,MLP,25,-0.004511861093274616
48,TabPFN,30,0.9465234898140175
48,RF,30,0.9385992097813916
48,XGBoost,30,0.9234956724706015
48,SVR,30,0.7411109984505759
48,Ridge,30,0.4740316400380553
48,GBR,30,0.9277459509737067
48,MLP,30,0.5008243734004436
48,TabPFN,35,0.959565192825893
48,RF,35,0.9311724261968598
48,XGBoost,35,0.9038738819295877
48,SVR,35,0.6644601765440681
48,Ridge,35,0.4473236660812301
48,GBR,35,0.8948906991838551
48,MLP,35,0.4280121228980668
48,TabPFN,40,0.9677561673911136
48,RF,40,0.9651716619921448
48,XGBoost,40,0.9603688817714287
48,SVR,40,0.7152206186355672
48,Ridge,40,0.5218640332651066
48,GBR,40,0.961025372041606
48,MLP,40,-0.014303976184022904
48,TabPFN,45,0.9729114147602598
48,RF,45,0.9667053866261544
48,XGBoost,45,0.9553308083050233
48,SVR,45,0.7323447465807003
48,Ridge,45,0.47319164981046646
48,GBR,45,0.9528280838012776
48,MLP,45,-0.49022798442599735
48,TabPFN,48,0.972174102610436
48,RF,48,0.9561385390366102
48,XGBoost,48,0.9600496336311691
48,SVR,48,0.7416738663186164
48,Ridge,48,0.49968204654066295
48,GBR,48,0.9439775977365997
48,MLP,48,-0.15150538577037942
49,TabPFN,10,0.8464814502396198
49,RF,10,0.7108175263873013
49,XGBoost,10,0.4897014398165995
49,SVR,10,0.3156947243340602
49,Ridge,10,-2.099367234296032
49,GBR,10,0.7298193143416101
49,MLP,10,-2.004232762540424
49,TabPFN,15,0.8589974530289594
49,RF,15,0.8724770058394127
49,XGBoost,15,0.7036812759885782
49,SVR,15,0.6678411795738878
49,Ridge,15,0.6546769632464693
49,GBR,15,0.8564644566598228
49,MLP,15,-0.3279238556400126
49,TabPFN,20,0.8619855461261885
49,RF,20,0.7525140362807181
49,XGBoost,20,0.7504754181141429
49,SVR,20,0.7225389923105712
49,Ridge,20,0.6341206638086343
49,GBR,20,0.6411760827216384
49,MLP,20,0.08752434753052007
49,TabPFN,25,0.95039848135279
49,RF,25,0.9039030952039961
49,XGBoost,25,0.8249140458237209
49,SVR,25,0.7400670338404294
49,Ridge,25,0.7456853672286861
49,GBR,25,0.933141001443251
49,MLP,25,-0.35097632524155564
49,TabPFN,30,0.902459864725437
49,RF,30,0.80295920285021
49,XGBoost,30,0.7837251077090374
49,SVR,30,0.4378581956385649
49,Ridge,30,0.7331081958553569
49,GBR,30,0.7936991014328193
49,MLP,30,-0.014307644846474954
49,TabPFN,35,0.9228615764932756
49,RF,35,0.853824855063572
49,XGBoost,35,0.8956187139149141
49,SVR,35,0.5882822342447711
49,Ridge,35,0.7513739936442954
49,GBR,35,0.8502430624511004
49,MLP,35,-0.6597391935333112
49,TabPFN,40,0.9078271463839903
49,RF,40,0.8927652175133034
49,XGBoost,40,0.8688680900609156
49,SVR,40,0.7078021042412554
49,Ridge,40,0.7238485930136795
49,GBR,40,0.894593285896035
49,MLP,40,-0.23345447599099844
49,TabPFN,45,0.9392279065809951
49,RF,45,0.907328736693168
49,XGBoost,45,0.8536093461596125
49,SVR,45,0.6903338194129693
49,Ridge,45,0.7992171227314852
49,GBR,45,0.9120835727637621
49,MLP,45,0.47038766051977
49,TabPFN,48,0.9276302771532647
49,RF,48,0.9068318121880824
49,XGBoost,48,0.8578992390605175
49,SVR,48,0.7053197942275606
49,Ridge,48,0.7634021842878157
49,GBR,48,0.90363320846497
49,MLP,48,0.7362177369942714
