fold,model,mode,R2,RMSE,MAE,time_s
0,TabPFN,zero-shot,0.645292640789013,0.4382231201356455,0.3944203585329727,8.324986934661865
0,Ridge,default,-0.0002062502479420747,0.7358765595958949,0.6069683779128313,0.0
0,Ridge,bo,0.30858550869513246,0.6118281093930316,0.5539007484321862,0.06431412696838379
0,Lasso,default,0.07562819653508601,0.7074300960349533,0.5971820468240816,0.0
0,Lasso,bo,0.21162874190423853,0.6533194360979062,0.5771058317579607,0.07920026779174805
0,ElasticNet,default,-0.00827096049858067,0.7388373071494869,0.6075124634373595,0.0
0,ElasticNet,bo,0.20826238332700064,0.6547127927772456,0.5780209420925381,0.07935261726379395
0,SVR,default,0.4381958701557146,0.5515090595181955,0.5032280632642782,0.0
0,SVR,bo,0.5666766213486747,0.4843577438281322,0.3891039476451792,0.13053369522094727
0,KNN,default,0.6720944015856596,0.42134185502318916,0.33069244865215613,0.0020051002502441406
0,KNN,bo,0.6968275287946797,0.4051399489884835,0.3372095450622698,0.1248631477355957
0,RF,default,0.6256481295665908,0.45019450617158724,0.3965338427816343,0.07478499412536621
0,RF,bo,0.6050460305877704,0.46241661334595174,0.39128886911222677,5.810292482376099
0,GBR,default,0.5842363418128687,0.4744423514765425,0.3594940044157034,0.03179931640625
0,GBR,bo,0.6199857585239724,0.45358650338739415,0.3999699615851635,4.7789223194122314
0,XGBoost,default,0.7369372759291217,0.3773895269029738,0.3257503638608332,0.09426259994506836
0,XGBoost,bo,0.7038926744179244,0.4003914206471314,0.33602550923258817,2.8567891120910645
0,AdaBoost,default,0.6040555440526169,0.4629960867327352,0.37788105343338185,0.09514713287353516
0,AdaBoost,bo,0.5992337658840559,0.4658067193496445,0.39464794203650877,8.30618953704834
0,MLP,default,-1.0926537120285014,1.064409816738137,0.9583302135534221,0.0
0,MLP,bo,0.25360883952737345,0.6356871476036178,0.46726534945535975,6.342688083648682
1,TabPFN,zero-shot,0.37916043726144977,0.5152911431278463,0.4407895995669584,7.971391916275024
1,Ridge,default,-0.46257685076902666,0.7909013799279555,0.6703913117164234,0.0
1,Ridge,bo,-0.3019805313214736,0.7462171581266092,0.6475277335012968,0.0739738941192627
1,Lasso,default,-0.3742004247892343,0.7666339094313904,0.6576930561313331,0.0020067691802978516
1,Lasso,bo,-0.3581939873352631,0.7621560254365215,0.6549610922013479,0.06086564064025879
1,ElasticNet,default,-0.4264821384262536,0.7810811457960347,0.6658972563596436,0.0
1,ElasticNet,bo,-0.3388350276609038,0.7567048521160874,0.6523267334719196,0.07979345321655273
1,SVR,default,-0.20055667468563887,0.7165629001922813,0.5577268439457467,0.0
1,SVR,bo,0.07235556631865814,0.6298741091378789,0.5242032888811741,0.1462841033935547
1,KNN,default,0.02702191284654143,0.6450813934057903,0.5475076058926952,0.0
1,KNN,bo,0.22691980482969598,0.5750098171397682,0.5016590206074777,0.12954235076904297
1,RF,default,0.46263167392456017,0.479401090767513,0.36887629034718517,0.07119512557983398
1,RF,bo,0.4359276277522649,0.4911683796467273,0.3880999030431456,6.28455114364624
1,GBR,default,0.3465578444669115,0.5286479592091585,0.4073590438677832,0.03678417205810547
1,GBR,bo,0.4580051619006005,0.48146038728045687,0.37048208000978383,5.340059757232666
1,XGBoost,default,0.1985791802988125,0.5854546987641713,0.4349991050339829,0.08636808395385742
1,XGBoost,bo,0.3939987004469473,0.5090960921706281,0.3982017099558945,3.0069565773010254
1,AdaBoost,default,0.40546077300438754,0.504258517549834,0.3788369860363572,0.12553739547729492
1,AdaBoost,bo,0.3634659386431699,0.5217636380643086,0.39065100982933404,13.803518295288086
1,MLP,default,-1.284839706201312,0.9885322772703231,0.8346198816146647,0.009759664535522461
1,MLP,bo,-0.6362030536539915,0.8365301245108195,0.6223440190504127,6.450949430465698
2,TabPFN,zero-shot,0.8038404976836228,0.30331185121533677,0.20406279274107708,7.967373609542847
2,Ridge,default,0.44985717124521885,0.5079517165693862,0.4428797952305275,0.0
2,Ridge,bo,0.41123022493616357,0.5254815324334351,0.46151102744645306,0.07704758644104004
2,Lasso,default,0.43856795038559704,0.51313696912277,0.4457883614089406,0.0
2,Lasso,bo,0.29944789598141697,0.5731983414492117,0.5013153632900441,0.06728506088256836
2,ElasticNet,default,0.44346084906368255,0.51089607333275,0.44423699867946514,0.002004861831665039
2,ElasticNet,bo,0.2740370339337346,0.5835014470410267,0.5116931905469767,0.07530641555786133
2,SVR,default,0.613645877223896,0.4256743481895486,0.3341849443803575,0.0
2,SVR,bo,0.806781749840656,0.30102930544097745,0.22668600497572433,0.21346783638000488
2,KNN,default,0.6342893982589662,0.4141460079512802,0.3217279280544401,0.0
2,KNN,bo,0.6158698256083988,0.4244474374551516,0.34105669822214324,0.12496471405029297
2,RF,default,0.663107516260504,0.39749380553324704,0.2780918798532101,0.08508729934692383
2,RF,bo,0.5959261447680815,0.43532647462683133,0.29609622404197383,10.81516718864441
2,GBR,default,0.6134524755317977,0.425780877192624,0.33692480394275376,0.029987096786499023
2,GBR,bo,0.5587363259887326,0.45491870327816525,0.3728507047376177,3.2007675170898438
2,XGBoost,default,0.5433745893294402,0.46276951510797387,0.33757202158500704,0.09576749801635742
2,XGBoost,bo,0.5651350940933642,0.45160826839462354,0.32514702586612787,4.175852060317993
2,AdaBoost,default,0.656353782349067,0.4014583435353241,0.29597069863098646,0.12456607818603516
2,AdaBoost,bo,0.6227734391606095,0.42061604583011164,0.2870779345197347,11.751415014266968
2,MLP,default,-0.49909645499607613,0.8384930993628734,0.7216539039885413,0.016211509704589844
2,MLP,bo,0.5019362229545576,0.4833115602385336,0.3798469783717004,8.461685180664062
3,TabPFN,zero-shot,0.9210247500907338,0.183644040835519,0.14674604633560992,7.853917837142944
3,Ridge,default,0.3088281720215593,0.5432807911054233,0.4038848920566067,0.0
3,Ridge,bo,0.5194535325216496,0.45300086402862555,0.4066059835583802,0.07891035079956055
3,Lasso,default,0.2997805996702463,0.5468250551388941,0.4102259076307447,0.0
3,Lasso,bo,0.43752327769634114,0.4900987703977823,0.4472631953210586,0.06460189819335938
3,ElasticNet,default,0.30030687249185883,0.5466195243742836,0.40708511325418867,0.0
3,ElasticNet,bo,0.4411118720346937,0.48853285681150804,0.44699466593178977,0.07968378067016602
3,SVR,default,0.6029512223234971,0.4117686395458714,0.2950081611120868,0.0
3,SVR,bo,0.4592066954823544,0.48055930277566655,0.33523355633008345,0.1865694522857666
3,KNN,default,0.9108720670217672,0.19509145743499232,0.1572520460771076,0.0
3,KNN,bo,0.9025263882984398,0.20402099674840213,0.17565432525971705,0.12590885162353516
3,RF,default,0.8659746110764782,0.2392350863769899,0.19418911481394377,0.08290576934814453
3,RF,bo,0.8528194074527234,0.25070131349332686,0.15714868836340232,5.717129468917847
3,GBR,default,0.7487297848282137,0.3275682810083528,0.27623868237499377,0.04825997352600098
3,GBR,bo,0.7709628861158072,0.3127406014571641,0.2667452957978061,5.851370811462402
3,XGBoost,default,0.7526931881873413,0.32497456806086666,0.2767982715136993,0.08961629867553711
3,XGBoost,bo,0.8448822503985889,0.2573724659081897,0.19057776798399562,3.2808356285095215
3,AdaBoost,default,0.8473117094410291,0.2553490240360003,0.21162430620216513,0.10031247138977051
3,AdaBoost,bo,0.8787570434808405,0.2275409646301895,0.18693177608633027,8.931156158447266
3,MLP,default,0.9228756468012306,0.1814793032642584,0.14691896148250272,0.04744553565979004
3,MLP,bo,0.9216749536257449,0.18288650737323728,0.14908849584618464,7.025599002838135
4,TabPFN,zero-shot,0.8555387959749409,0.23957917887081523,0.2035667705847853,8.429768562316895
4,Ridge,default,0.5633924109383488,0.41650392376968326,0.3700196468979679,0.0
4,Ridge,bo,0.5939107541337874,0.4016836930637253,0.35601315770568176,0.06322693824768066
4,Lasso,default,0.5403744256564387,0.4273419720055243,0.38289000791871636,0.0
4,Lasso,bo,0.5157315448640776,0.4386483975662399,0.39632799788931855,0.0828549861907959
4,ElasticNet,default,0.5510217146290088,0.42236325241694284,0.37681068661346373,0.0
4,ElasticNet,bo,0.5012332745672925,0.44516621108050386,0.39498825953905997,0.0760047435760498
4,SVR,default,0.7501375457160127,0.31508226425634706,0.2310503849569405,0.0
4,SVR,bo,0.4566206032543615,0.4646490361835509,0.35351362566356204,0.14321494102478027
4,KNN,default,0.8592707426712218,0.2364643392527843,0.18538649381372366,0.0
4,KNN,bo,0.7088189459486077,0.34013789046639553,0.27926303488949006,0.1443619728088379
4,RF,default,0.8652665351557234,0.2313722106990945,0.16327727816416443,0.0763711929321289
4,RF,bo,0.892768422811569,0.20641193439081926,0.16142554349447172,5.9496448040008545
4,GBR,default,0.7551045784416478,0.31193477255258484,0.21986409033129048,0.03197646141052246
4,GBR,bo,0.8701269618008866,0.2271605738743056,0.1685864118151845,4.805337905883789
4,XGBoost,default,0.8684663203505548,0.2286082724656261,0.1504324063027153,0.10230159759521484
4,XGBoost,bo,0.7719000095276767,0.30104823860778773,0.2323665484691427,3.622835874557495
4,AdaBoost,default,0.8035848340421833,0.2793579056442848,0.19559527458017487,0.12095284461975098
4,AdaBoost,bo,0.8215437237769047,0.26628050396536984,0.19319744610081532,10.247388362884521
4,MLP,default,0.6470364516467899,0.3744884134934888,0.2657763440839337,0.06412315368652344
4,MLP,bo,0.07377725662482715,0.6066401877986891,0.45864921082073357,12.203220129013062
5,TabPFN,zero-shot,0.5808038741625265,0.43702829573905677,0.2993515672601795,8.26450490951538
5,Ridge,default,-0.2938688927509139,0.7677963837553343,0.6348249133547882,0.0
5,Ridge,bo,0.07750099425151935,0.6483117306269733,0.5764841483574596,0.06355714797973633
5,Lasso,default,-0.15745931396936985,0.7261959014288824,0.6100202449774135,0.0
5,Lasso,bo,-0.2614291505866757,0.7581102315122288,0.6282927616876592,0.07923030853271484
5,ElasticNet,default,-0.26244003188259213,0.7584139370269427,0.6287520400688433,0.0
5,ElasticNet,bo,0.04254514797393605,0.6604806195207703,0.5815716694743708,0.08045172691345215
5,SVR,default,0.5580765689587305,0.4487189810740723,0.3147882221826132,0.0
5,SVR,bo,0.4120919424365683,0.5175539561956168,0.4079240694992076,0.17554378509521484
5,KNN,default,0.4474146262047035,0.5017652944743788,0.3603465201568155,0.0
5,KNN,bo,0.5976592884715357,0.4281519400836054,0.3353206203595076,0.1811068058013916
5,RF,default,0.7514775609406082,0.336498962925546,0.26097356607285543,0.08596301078796387
5,RF,bo,0.7658858314173931,0.326598943452454,0.25929111266980465,6.026671648025513
5,GBR,default,0.6853279500046459,0.37864306869192066,0.295405552180674,0.04379153251647949
5,GBR,bo,0.7156937337760033,0.35991018961774307,0.27715326231719717,3.335625171661377
5,XGBoost,default,0.6447766354053914,0.40230153367688254,0.30434372719143726,0.09662461280822754
5,XGBoost,bo,0.6691538751271158,0.38825222438300117,0.3235400674332824,3.1708343029022217
5,AdaBoost,default,0.7666375905796214,0.3260741542742812,0.25897684333065396,0.10697531700134277
5,AdaBoost,bo,0.7183538930308861,0.3582224524194416,0.27010312496109756,7.787861347198486
5,MLP,default,-1.1231511956025293,0.9835385520840066,0.5821727361722143,0.02929830551147461
5,MLP,bo,-0.2038088124668691,0.7405931411326222,0.4478187291798649,7.381919622421265
6,TabPFN,zero-shot,0.6673775978294445,0.33360115345636304,0.27306617571416986,8.041916131973267
6,Ridge,default,0.3685759349625065,0.45963422635442375,0.405804147933894,0.0
6,Ridge,bo,0.405842262398894,0.44586427354686614,0.40106010978965156,0.06377887725830078
6,Lasso,default,0.36131780697933913,0.46226839250492446,0.4112277390857891,0.0
6,Lasso,bo,0.3787304598732172,0.45592334094014386,0.4171140368617933,0.07964587211608887
6,ElasticNet,default,0.3647301386613322,0.4610318419289992,0.4084140486401516,0.0
6,ElasticNet,bo,0.40044500781530923,0.4478847830570249,0.40586842361839154,0.08174014091491699
6,SVR,default,0.4727836037013349,0.4199970595585327,0.35024787233999205,0.002004861831665039
6,SVR,bo,0.5864421808611378,0.3719802774090591,0.2941951270090288,0.1235051155090332
6,KNN,default,0.5958661253547762,0.3677176052208258,0.2798428336500676,0.0
6,KNN,bo,0.6471863397688896,0.343577323082969,0.2637409296230737,0.13235235214233398
6,RF,default,0.6800648062836335,0.3271770286131796,0.21356716747326268,0.07353615760803223
6,RF,bo,0.712133671782113,0.31034677012979445,0.19946409241884824,7.501630783081055
6,GBR,default,0.6305828026713071,0.35156881917430605,0.2255885244830299,0.04766273498535156
6,GBR,bo,0.7280773880540246,0.30162994669051907,0.19912825378691057,5.715508460998535
6,XGBoost,default,0.6695617350801985,0.3325040674394664,0.2152211045319736,0.09897947311401367
6,XGBoost,bo,0.5441827991716265,0.39052347994541614,0.25263729056228984,2.6672985553741455
6,AdaBoost,default,0.7368228513610616,0.2967398579115306,0.2071132830525614,0.10319733619689941
6,AdaBoost,bo,0.5948623849066831,0.36817396901957256,0.24647835740996482,8.21810507774353
6,MLP,default,-1.5645151777245698,0.9263059050274298,0.7804805120526724,0.0
6,MLP,bo,0.2143686159020869,0.5126975095278044,0.4346343147427619,8.44173550605774
7,TabPFN,zero-shot,0.726373601017765,0.3807286384894314,0.2735233700406115,7.931985139846802
7,Ridge,default,0.5090364648177278,0.5099894205240707,0.4326597741552735,0.0
7,Ridge,bo,0.3441205327711053,0.5894521632458303,0.5461055925565154,0.06357455253601074
7,Lasso,default,0.509263774997673,0.5098713473884835,0.4372028790472191,0.0
7,Lasso,bo,0.011047214709465014,0.7238095805104318,0.6584727125152334,0.0800020694732666
7,ElasticNet,default,0.5126682968011381,0.5080996325644621,0.43465291707858356,0.007374763488769531
7,ElasticNet,bo,0.1876934033079447,0.6559889718800577,0.6014381070328274,0.07236909866333008
7,SVR,default,0.3513439007305077,0.5861972831745282,0.44404171925796354,0.0
7,SVR,bo,0.7270757996574638,0.38023979882599884,0.34643311001622656,0.128157377243042
7,KNN,default,0.7961695356103979,0.32860267554849704,0.2883212016007007,0.0
7,KNN,bo,0.7985468694561735,0.32668076097749593,0.2740342068176777,0.13890552520751953
7,RF,default,0.7647347298115662,0.35303312658428193,0.2597416109315172,0.08146858215332031
7,RF,bo,0.7239244513093894,0.3824287379247437,0.27676102924318874,6.550138235092163
7,GBR,default,0.7592025984363323,0.3571596973945258,0.26578743785145426,0.03214287757873535
7,GBR,bo,0.7532131458749527,0.36157430426845094,0.2761531656313419,3.231637954711914
7,XGBoost,default,0.755170643556555,0.3601374571212702,0.2590544313435217,0.09460186958312988
7,XGBoost,bo,0.7351269377833567,0.3745893661861183,0.28508330017920663,3.5737767219543457
7,AdaBoost,default,0.7528545871044579,0.36183687615826965,0.24668491430589212,0.09856796264648438
7,AdaBoost,bo,0.7514388633695265,0.3628717518308608,0.2682600954792331,12.426818609237671
7,MLP,default,0.7808572153361271,0.3407219685433412,0.27451116716547913,0.03182339668273926
7,MLP,bo,0.6943567413844566,0.4023870161749138,0.3454601385120246,4.1500725746154785
8,TabPFN,zero-shot,0.7269926624251545,0.3748664774673668,0.32189867455404475,8.059012174606323
8,Ridge,default,0.2661712959492597,0.614591844720415,0.5471207278926081,0.0
8,Ridge,bo,0.2211753760538111,0.6331538943847044,0.5572286240218556,0.06185793876647949
8,Lasso,default,0.2589897470746506,0.6175918467939007,0.5476749826312458,0.0
8,Lasso,bo,0.18702162900203456,0.6468877710293923,0.5714669248565146,0.08010029792785645
8,ElasticNet,default,0.26307747285525795,0.6158860422141428,0.5472742019481062,0.0
8,ElasticNet,bo,0.20835680432931314,0.6383431275050823,0.562499022575778,0.07946228981018066
8,SVR,default,0.7096158218235395,0.38661252558383696,0.3104538901782793,0.0020055770874023438
8,SVR,bo,0.5377743966940468,0.48777152593141876,0.42803763150875684,0.12496542930603027
8,KNN,default,0.5353214615595118,0.48906406440841993,0.41568747564258085,0.0
8,KNN,bo,0.5226652755421033,0.49567950217120904,0.4068767551503128,0.136430025100708
8,RF,default,0.5859619969921104,0.46164650081031766,0.38646314459784864,0.06986308097839355
8,RF,bo,0.5677958465301919,0.4716652855916823,0.3989680959731665,11.920900344848633
8,GBR,default,0.6620288270663688,0.41708951733095173,0.3356596936397931,0.04822683334350586
8,GBR,bo,0.7072024176023475,0.3882157838176524,0.3028423465076396,4.448695182800293
8,XGBoost,default,0.5131905818545472,0.5005747410006824,0.37754206278750635,0.09343838691711426
8,XGBoost,bo,0.5546360560548812,0.4787920961959305,0.38740293739876625,3.074190378189087
8,AdaBoost,default,0.5974195622118323,0.45521417725975416,0.38905075636530767,0.10158205032348633
8,AdaBoost,bo,0.6224979120137587,0.4408076516174676,0.38152369119027885,7.570135116577148
8,MLP,default,0.5761424264599866,0.46708876285199913,0.36876565754982016,0.0881350040435791
8,MLP,bo,0.3866868949575125,0.5618631733864001,0.47351568245398706,10.360574722290039
9,TabPFN,zero-shot,0.6407899284450715,0.3700930658937127,0.28428299550582214,8.249955415725708
9,Ridge,default,-0.45070885309046016,0.7437497391149023,0.533993142719772,0.0
9,Ridge,bo,0.04202632368681036,0.6043847303483688,0.4846761109077344,0.07440900802612305
9,Lasso,default,-0.41684082058560623,0.7350167330046821,0.5313192504573974,0.0
9,Lasso,bo,0.03931442129803753,0.6052395941614643,0.4869727396103715,0.06285309791564941
9,ElasticNet,default,-0.44625424674926406,0.7426069668921412,0.5338513677834107,0.0
9,ElasticNet,bo,0.20331293902564784,0.5511636628142419,0.4642605662394816,0.08225798606872559
9,SVR,default,-0.1064969071086097,0.6495488195808099,0.527168558288225,0.0
9,SVR,bo,0.09025311775708944,0.5889751665621964,0.4030638417776282,0.14071393013000488
9,KNN,default,0.6261454352154987,0.3775617927877371,0.2818147742375731,0.0
9,KNN,bo,0.6327724000736213,0.3742004908496837,0.28371379500461563,0.12923336029052734
9,RF,default,0.660030097257988,0.3600451218911595,0.2587308532457231,0.08608174324035645
9,RF,bo,0.6515347452897844,0.364515866084896,0.2706967079510974,11.508169889450073
9,GBR,default,0.32327105551679214,0.5079770267726357,0.36762524308999955,0.04353070259094238
9,GBR,bo,0.7151698411480649,0.32955634814970663,0.2412866410548946,6.2554285526275635
9,XGBoost,default,0.3371525634149649,0.502740052608825,0.37680720302441556,0.09668636322021484
9,XGBoost,bo,0.5971481001961553,0.3919308088088741,0.30235948315522637,4.596660137176514
9,AdaBoost,default,0.5137240638760063,0.43060402499680006,0.3328782122460939,0.11439752578735352
9,AdaBoost,bo,0.5160765093320522,0.42956120086431954,0.3348817677700404,14.44792127609253
9,MLP,default,0.34410049325633196,0.5000982650160679,0.38619360267226494,0.19092869758605957
9,MLP,bo,0.5619005588689815,0.40871732312341824,0.30068842922615496,8.989739179611206
10,TabPFN,zero-shot,0.7551666373174065,0.34089094887596455,0.22902393298076726,8.46038269996643
10,Ridge,default,0.37358994016319447,0.545267400177851,0.4662774172143811,0.0
10,Ridge,bo,0.33874512186438743,0.5602277485289581,0.4996970903775126,0.0792531967163086
10,Lasso,default,0.37101662206118624,0.5463862426644235,0.4721960831194647,0.0
10,Lasso,bo,0.2166835859511944,0.6097457544404482,0.5419621211866581,0.06357097625732422
10,ElasticNet,default,0.3725076947648387,0.5457382247292364,0.4687738492955593,0.0
10,ElasticNet,bo,0.20835302149313706,0.6129795003303496,0.5444137543890251,0.08037781715393066
10,SVR,default,0.6257836180554417,0.42144564391390843,0.3151148683004881,0.0
10,SVR,bo,0.35760208890627454,0.552181982375678,0.3981917881236532,0.19154834747314453
10,KNN,default,0.5709193259082515,0.4512837012557495,0.35403835881949214,0.0
10,KNN,bo,0.6226272471496015,0.4232192775490289,0.32765225744456794,0.13726210594177246
10,RF,default,0.8167303281990139,0.29493442897612643,0.19764566112326795,0.08334922790527344
10,RF,bo,0.8209929550133581,0.2914843440095525,0.19665879045646795,11.493011713027954
10,GBR,default,0.7993674072893604,0.308589336205044,0.23662566158594497,0.05823230743408203
10,GBR,bo,0.8048789053241703,0.3043212530198509,0.2154097695808901,5.560770511627197
10,XGBoost,default,0.8045434989098075,0.3045826995688786,0.23622111185207706,0.08541178703308105
10,XGBoost,bo,0.7725115960070729,0.328594131888083,0.2556110399702162,4.669221878051758
10,AdaBoost,default,0.8009874963918744,0.3073408960690078,0.21398429479598166,0.10046911239624023
10,AdaBoost,bo,0.7854707463453233,0.3190975226119821,0.23877018292290322,7.437487602233887
10,MLP,default,-0.4762219089348281,0.8370588545131418,0.7193009117541727,0.025726795196533203
10,MLP,bo,0.3669222274320245,0.548161720457917,0.4719057125595489,8.03562331199646
11,TabPFN,zero-shot,0.7361245673751455,0.32761057824565787,0.2721453289204448,8.1511549949646
11,Ridge,default,-0.023818744874213538,0.6453123481224237,0.5164002076536766,0.0
11,Ridge,bo,0.31795926189394086,0.5267003354737037,0.4669127744931842,0.06379985809326172
11,Lasso,default,-0.02445522114973664,0.6455129022673232,0.5189678057585237,0.015981197357177734
11,Lasso,bo,0.3422071171889538,0.5172530047800465,0.4662601503394092,0.06369972229003906
11,ElasticNet,default,-0.02880163095050059,0.646880797114101,0.5180610623940046,0.0
11,ElasticNet,bo,0.34754281765172834,0.5151508790617115,0.46562172063460866,0.08395576477050781
11,SVR,default,0.10204995369835268,0.604344432727192,0.5191959206363207,0.002004861831665039
11,SVR,bo,0.4094403791822795,0.4901063298964675,0.4038038268745301,0.13659143447875977
11,KNN,default,0.5303255403567696,0.4370759491072202,0.3765936242882977,0.0
11,KNN,bo,0.5532218636324197,0.42628926209167867,0.3540175766027667,0.15059995651245117
11,RF,default,0.7062519192677785,0.34565747726333806,0.22737192655913063,0.07115674018859863
11,RF,bo,0.7243102373136224,0.3348642284214788,0.22583392499025953,6.476006269454956
11,GBR,default,0.5649098397123883,0.4206763217654118,0.2675845459965997,0.03534889221191406
11,GBR,bo,0.5768611198181091,0.41485841456638217,0.29212334426358244,3.345848321914673
11,XGBoost,default,0.5511966658825602,0.42725433162035414,0.2844668355644831,0.0925900936126709
11,XGBoost,bo,0.6284527871684782,0.38874555926050597,0.3129771103880465,3.347834587097168
11,AdaBoost,default,0.6497275878951436,0.37745171558458057,0.2763758623228163,0.11199069023132324
11,AdaBoost,bo,0.6876093624305413,0.35645724144741675,0.27154941774658103,12.231847763061523
11,MLP,default,0.12011317599543758,0.5982350361701537,0.524142867192486,0.04776811599731445
11,MLP,bo,-0.2438397398580907,0.7112800883372359,0.6173910304402157,9.91695785522461
12,TabPFN,zero-shot,0.7687790314884984,0.343302735546069,0.2841592431081749,7.6237633228302
12,Ridge,default,0.2672456053054926,0.6111430425105123,0.5281679862611722,0.002002716064453125
12,Ridge,bo,0.3206305941822134,0.588459595219946,0.47697132997581226,0.06900763511657715
12,Lasso,default,0.27795581708453465,0.6066602542581621,0.529727900461174,0.0
12,Lasso,bo,0.13021993839773482,0.6658376977783372,0.5497344775758664,0.06392049789428711
12,ElasticNet,default,0.2792737324858966,0.6061063462840796,0.5289581807334008,0.0
12,ElasticNet,bo,0.023268380253603116,0.7055881521220333,0.6103404701188921,0.07950711250305176
12,SVR,default,-0.20897559406190447,0.7850049999389141,0.5968891907431054,0.0
12,SVR,bo,0.5662275344704314,0.4702130158162552,0.4160007613564149,0.1758573055267334
12,KNN,default,0.6717401231364193,0.4090463833916128,0.34072409434314466,0.0
12,KNN,bo,0.6692847786649458,0.41057334226488007,0.32710601798011796,0.158888578414917
12,RF,default,0.7074339818217543,0.3861673896989443,0.29138168514693225,0.07634329795837402
12,RF,bo,0.7236629964819588,0.37530398693031863,0.29624447774084145,5.796212911605835
12,GBR,default,0.6568577981160053,0.41821607606431266,0.29368563452287366,0.03189659118652344
12,GBR,bo,0.6821930443908669,0.4024809737890922,0.2916599639546302,4.997990846633911
12,XGBoost,default,0.6708849505763443,0.40957885436708275,0.2865616554489395,0.09753012657165527
12,XGBoost,bo,0.6743519186703465,0.4074158474070782,0.31040760520299837,3.4240894317626953
12,AdaBoost,default,0.7322635472766332,0.369417452063367,0.27224680507948235,0.10041379928588867
12,AdaBoost,bo,0.6870179906508067,0.39941405503313143,0.3005445999942858,13.080504894256592
12,MLP,default,-0.45827952573728514,0.8621524073867741,0.7715923696574768,0.013770341873168945
12,MLP,bo,0.29607349662004645,0.599000678835236,0.44916142564568773,8.205964088439941
13,TabPFN,zero-shot,0.5143445254379457,0.4110975321605708,0.3578529804955281,7.928518056869507
13,Ridge,default,0.4220750905470023,0.4484524821712131,0.3904662723165606,0.0
13,Ridge,bo,0.3850777808315665,0.46258422482822403,0.421416806274153,0.07572436332702637
13,Lasso,default,0.4151304747436767,0.45113884343149135,0.39589412520146366,0.0
13,Lasso,bo,0.30521516365421053,0.49170643396436253,0.4543711827620938,0.07090926170349121
13,ElasticNet,default,0.41878851564922115,0.4497258164391249,0.3929761177165025,0.0
13,ElasticNet,bo,0.28683561013005165,0.4981676823953495,0.4630484219386107,0.07560229301452637
13,SVR,default,-0.3065661860288156,0.6742895553556238,0.5817764080675659,0.0
13,SVR,bo,0.6313192428403496,0.3581838174057511,0.30527718994152464,0.11180567741394043
13,KNN,default,0.537484991614658,0.4011840333844301,0.30352217903752926,0.0
13,KNN,bo,0.6178276753201889,0.36467865332822635,0.2944784123817342,0.17337417602539062
13,RF,default,0.38532552640286644,0.46249103032743427,0.3724083562253915,0.08392786979675293
13,RF,bo,0.4525439269096776,0.4364709705336911,0.35185844081248446,11.061588048934937
13,GBR,default,0.21758383480647425,0.5217946629119525,0.4525407514916772,0.04770255088806152
13,GBR,bo,0.30027505562292955,0.49345142046972545,0.39705112488211486,3.853081703186035
13,XGBoost,default,-0.06205211324398108,0.6079300891343634,0.45935331945101426,0.08279728889465332
13,XGBoost,bo,0.36122559496789686,0.4714704504734186,0.3673045187001236,3.356069564819336
13,AdaBoost,default,0.2853259196153093,0.4986946867152054,0.3998579002602793,0.10057187080383301
13,AdaBoost,bo,0.355627256864012,0.47353197095005617,0.3545662390807765,9.592744827270508
13,MLP,default,-2.00612451461617,1.0227846652524941,0.9084491971382379,0.0030090808868408203
13,MLP,bo,0.6391081429098846,0.35438005146573665,0.2951990080845764,12.157373189926147
14,TabPFN,zero-shot,0.6031677170670728,0.4140310778326928,0.24489104014206295,7.996126651763916
14,Ridge,default,0.16726202367816156,0.599768466941627,0.48775658337200384,0.0
14,Ridge,bo,0.11336456286323426,0.6188736415782637,0.49303238652496134,0.06379246711730957
14,Lasso,default,0.2754864033421778,0.559438967252612,0.47559156796735963,0.0
14,Lasso,bo,0.12417726155759523,0.615088421106549,0.49211775314458794,0.08139514923095703
14,ElasticNet,default,0.19575868876841118,0.5894169655517665,0.48477293149598794,0.0020046234130859375
14,ElasticNet,bo,0.10524221325056982,0.6217018887092393,0.49391236575937186,0.07599902153015137
14,SVR,default,0.5810046512955633,0.4254358115853217,0.3053082023993901,0.0
14,SVR,bo,0.5299698240194257,0.45060116864046856,0.36242313810750454,0.14318013191223145
14,KNN,default,0.45112367125132,0.4869301813184683,0.3821148460426531,0.0
14,KNN,bo,0.7466769735784287,0.33080097230228184,0.27536213829489403,0.15192866325378418
14,RF,default,0.7793327896986244,0.3087438715519266,0.20017052618499542,0.08462882041931152
14,RF,bo,0.7700561069126958,0.3151667428391201,0.20377611554468733,8.178331851959229
14,GBR,default,0.8795833588415225,0.22807238178664443,0.17245630592057423,0.05182027816772461
14,GBR,bo,0.733273146615967,0.3394398401423652,0.21150962482204969,5.73231840133667
14,XGBoost,default,0.8392300761563769,0.2635310828028222,0.18892074129678274,0.09161806106567383
14,XGBoost,bo,0.7620623930650788,0.3205981324126851,0.21633883080451055,3.1116602420806885
14,AdaBoost,default,0.700283394562355,0.3598196245299158,0.2460573184883459,0.09884357452392578
14,AdaBoost,bo,0.7471426583404684,0.33049677604225497,0.22947991892204633,7.87943434715271
14,MLP,default,-0.8301303217571872,0.8891406209260682,0.44820621611873407,0.056108713150024414
14,MLP,bo,0.006946636988681032,0.6549614467507854,0.48097402574753123,6.686398506164551
15,TabPFN,zero-shot,0.8406407435905102,0.290692066378758,0.24724657942611442,7.662100076675415
15,Ridge,default,0.44379871783909475,0.5430758925211024,0.4393492108679755,0.0
15,Ridge,bo,0.3586721880631707,0.5831557588642443,0.48352542893752,0.07930684089660645
15,Lasso,default,0.4397267418618933,0.5450602095127893,0.43970837081407854,0.0
15,Lasso,bo,0.2340780895537291,0.6372895225884023,0.5428168525305085,0.06315183639526367
15,ElasticNet,default,0.44208970000793024,0.5439095965708801,0.43944414753729677,0.0
15,ElasticNet,bo,0.22663120166653938,0.6403801403501348,0.5473785249020834,0.07993626594543457
15,SVR,default,0.775253648492861,0.3452159529283304,0.28227915844342405,0.0
15,SVR,bo,0.705207467864586,0.395369142278162,0.35461971402691805,0.12781739234924316
15,KNN,default,0.7418407677540833,0.3699886164411891,0.3105582938468361,0.0
15,KNN,bo,0.815447206391652,0.3128274420861271,0.25069682544517996,0.12888288497924805
15,RF,default,0.7985835347659525,0.3268075015596918,0.26886435184859553,0.07541346549987793
15,RF,bo,0.7999821896324679,0.32567083383582346,0.25935494673505394,11.417773485183716
15,GBR,default,0.8198113752715596,0.3091065565255341,0.2314460117903708,0.04962944984436035
15,GBR,bo,0.8356139658084745,0.29524121976056217,0.2337170996230368,4.560470104217529
15,XGBoost,default,0.7906588814797598,0.33317453627858273,0.22974644993926416,0.08964276313781738
15,XGBoost,bo,0.8750766609302676,0.25737497874258036,0.20914362084609098,3.499201774597168
15,AdaBoost,default,0.8125844824425366,0.31524434524470973,0.2584450515005333,0.1285233497619629
15,AdaBoost,bo,0.8496921985922808,0.2823158705410024,0.2358758181068912,8.03410267829895
15,MLP,default,0.7473299296478287,0.36603400387961144,0.2926624049091584,0.06425189971923828
15,MLP,bo,0.7454933833339978,0.36736186449357394,0.3068106662450463,9.38202977180481
16,TabPFN,zero-shot,0.6927899732697169,0.35874366204761904,0.2844826461051793,8.103107213973999
16,Ridge,default,0.49666513510556154,0.459192780153521,0.38908291731058026,0.0
16,Ridge,bo,0.44860057220871685,0.48061763226690274,0.41003730785767706,0.06413555145263672
16,Lasso,default,0.47633636119784994,0.46837397279943804,0.3985234084705045,0.0
16,Lasso,bo,0.3488409023863418,0.5222880633636029,0.4472452358100927,0.08072090148925781
16,ElasticNet,default,0.4854446803720267,0.4642827843192663,0.39423943673122336,0.0015139579772949219
16,ElasticNet,bo,0.3398983396845814,0.5258622031413388,0.45075501410282937,0.07634663581848145
16,SVR,default,0.3925570776698538,0.5044513424809594,0.43044801052235093,0.0
16,SVR,bo,0.6562992691320596,0.3794519350273844,0.3178917028974097,0.14337587356567383
16,KNN,default,0.6970104698371544,0.3562709032782651,0.27810555910873497,0.0
16,KNN,bo,0.6923943146336399,0.35897460235493,0.2825757262941373,0.24459338188171387
16,RF,default,0.6934077559197865,0.35838277353101256,0.2568097220671261,0.08661985397338867
16,RF,bo,0.7121962212939865,0.3472280408108276,0.24618754471902937,6.769820690155029
16,GBR,default,0.700060288060669,0.35447330055836673,0.2533366149231206,0.047901153564453125
16,GBR,bo,0.68570110921419,0.362859057512662,0.2752754544070217,3.9457616806030273
16,XGBoost,default,0.718457487025027,0.343430241602238,0.23328483181773363,0.09703969955444336
16,XGBoost,bo,0.6770292152648669,0.3678308607299845,0.2793356201076792,2.7741141319274902
16,AdaBoost,default,0.7342902567208685,0.3336339858661018,0.25138843826497154,0.09978699684143066
16,AdaBoost,bo,0.7547683358024679,0.32051976579235275,0.24240320569823118,9.899842500686646
16,MLP,default,0.7077643424036516,0.34989130247989353,0.22998527875612995,0.06798744201660156
16,MLP,bo,0.7374152873013202,0.3316662369095735,0.232739075436613,12.862870931625366
17,TabPFN,zero-shot,0.8498272550032813,0.27062299544103646,0.1942046126134732,8.144552946090698
17,Ridge,default,0.2286277306819703,0.613339801312646,0.49245324043015914,0.0
17,Ridge,bo,0.4933868574269362,0.4970583378342946,0.4615894454013163,0.07823729515075684
17,Lasso,default,0.24067643337104705,0.6085308172195616,0.49232484636768614,0.0008647441864013672
17,Lasso,bo,0.49666530209487725,0.495447421084542,0.44999616210608373,0.06824302673339844
17,ElasticNet,default,0.2304402510261334,0.6126187845448113,0.49290672036987987,0.0
17,ElasticNet,bo,0.4841702037800022,0.5015593716751533,0.4542900325083015,0.07362198829650879
17,SVR,default,0.43667382723424075,0.5241421694366679,0.38843175450516904,0.0
17,SVR,bo,-0.07590155650758112,0.7243615761854197,0.4529061220374973,0.12769722938537598
17,KNN,default,0.7746695533096465,0.3314965981436556,0.22094641370774334,0.0
17,KNN,bo,0.7802241816523372,0.3273852358707238,0.2770886760893257,0.15920042991638184
17,RF,default,0.8174234756414603,0.29839504337990463,0.23412981090427998,0.07655143737792969
17,RF,bo,0.8494107510001312,0.27099802193139094,0.19967522029913712,10.736838817596436
17,GBR,default,0.6597507433345768,0.40735000849801634,0.3402575306292168,0.05393242835998535
17,GBR,bo,0.8023663249168758,0.3104556803575598,0.21355806688355874,3.2594211101531982
17,XGBoost,default,0.7509363379172838,0.3485172847704603,0.26420490747952186,0.09985876083374023
17,XGBoost,bo,0.8229638959136977,0.2938326548291055,0.2380907267954322,3.742119312286377
17,AdaBoost,default,0.825242831544861,0.2919353168017026,0.23306742334832106,0.11451601982116699
17,AdaBoost,bo,0.864785809355101,0.2567912809200222,0.2068934264688982,8.5449800491333
17,MLP,default,0.6119286713149388,0.4350357183912185,0.3034843045822668,0.04760932922363281
17,MLP,bo,0.6823899066591397,0.3935648328072872,0.29253946201797293,9.458430290222168
18,TabPFN,zero-shot,0.4853223821221708,0.5301617389849302,0.4315601012302444,8.02127194404602
18,Ridge,default,0.15447844820189116,0.6795213117172112,0.5963879565597133,0.0
18,Ridge,bo,0.2291378398461228,0.6488272849490522,0.5945108456780226,0.06379246711730957
18,Lasso,default,0.14324557937241067,0.6840201855091882,0.6003060996130226,0.0
18,Lasso,bo,0.17471259289878882,0.6713412767695367,0.6115870677386316,0.07961535453796387
18,ElasticNet,default,0.1402996363825748,0.6851951752033328,0.6002005124751465,0.0
18,ElasticNet,bo,0.16980913093927896,0.673332717047946,0.609749689959617,0.07943344116210938
18,SVR,default,0.4525290333139307,0.5467909115833721,0.41509935388975333,0.0
18,SVR,bo,0.32434587751450783,0.6074393980247278,0.48899065329312746,0.15953540802001953
18,KNN,default,0.46750595202005696,0.5392598913663156,0.4494049660874566,0.0
18,KNN,bo,0.5348868144682186,0.5039878500664448,0.43762774713044744,0.14862418174743652
18,RF,default,0.45448721223340693,0.54581216234997,0.43638028260040757,0.08664965629577637
18,RF,bo,0.4578622371903386,0.5441211041195068,0.4369313990675441,11.823482036590576
18,GBR,default,0.4616225384200322,0.5422307916805825,0.4330539570306178,0.0342714786529541
18,GBR,bo,0.47015828992797115,0.5379151956110614,0.46700175799828153,3.215475082397461
18,XGBoost,default,0.5297559944739,0.5067600555000286,0.4179731380137807,0.09302878379821777
18,XGBoost,bo,0.4654207118968383,0.5403147272354988,0.4382936081481979,3.45875883102417
18,AdaBoost,default,0.4604130763000047,0.542839509304998,0.4438546662174496,0.1026313304901123
18,AdaBoost,bo,0.36474796375154817,0.5889979373686723,0.462888006467834,7.032334566116333
18,MLP,default,-0.87645208561725,1.0123005683838773,0.8967610335002881,0.01811385154724121
18,MLP,bo,0.28306454123624525,0.6257210585049492,0.40488259593737036,11.871249914169312
19,TabPFN,zero-shot,0.49229240640784233,0.361355850576709,0.3064839871283103,8.402290344238281
19,Ridge,default,0.13597897977710016,0.4714009085639259,0.43579859525020687,0.0
19,Ridge,bo,0.20488678825411366,0.4522126906776342,0.4244638162463019,0.07362103462219238
19,Lasso,default,0.11274027207374404,0.4776982451924837,0.4450129876559606,0.0
19,Lasso,bo,0.11777831780102244,0.4763400793428611,0.45574221794733843,0.06723213195800781
19,ElasticNet,default,0.12287335191861681,0.4749626006225856,0.4405802363804696,0.0
19,ElasticNet,bo,0.09648022035480497,0.4820555566456825,0.4579011838673018,0.08390927314758301
19,SVR,default,0.04998067598449285,0.4943044050009254,0.41874456571188406,0.002005338668823242
19,SVR,bo,-0.11206516972263314,0.5348024405068517,0.4175747562995686,0.13512969017028809
19,KNN,default,0.5011950601979198,0.3581736510882718,0.2464748024611948,0.0017414093017578125
19,KNN,bo,0.48404198040967183,0.36428009793074295,0.2906493321766334,0.12564897537231445
19,RF,default,0.6460678191363094,0.3017090151187591,0.21043548578570512,0.08130311965942383
19,RF,bo,0.6100168195606175,0.3167022869470624,0.2222297792805372,10.502937316894531
19,GBR,default,0.5181748696921398,0.3520245766378404,0.26323029584536967,0.039804697036743164
19,GBR,bo,0.598143581675254,0.32148722181773176,0.24696406906023258,4.175758361816406
19,XGBoost,default,0.48601571364146845,0.3635826762129573,0.26449967230822224,0.09791851043701172
19,XGBoost,bo,0.3718562482800294,0.40193681163720024,0.2708745141384117,4.392229795455933
19,AdaBoost,default,0.6917793967238908,0.2815523095461673,0.19952897476723244,0.12535548210144043
19,AdaBoost,bo,0.687040515527656,0.28370848193825365,0.1923181165120584,9.737964630126953
19,MLP,default,-0.4296606636390925,0.6063798273969195,0.4560959922989616,0.031862735748291016
19,MLP,bo,-0.468137219414436,0.6144854238602557,0.5071268496368823,10.5755934715271
20,TabPFN,zero-shot,0.8438443167443093,0.2933120870759653,0.21111212434233692,8.530429601669312
20,Ridge,default,0.48743322944573464,0.531405795533861,0.4216179432093168,0.0
20,Ridge,bo,0.5192589801602925,0.5146436907354192,0.4328920753560315,0.06344985961914062
20,Lasso,default,0.5121762423774906,0.5184209413082117,0.42858660699447065,0.0
20,Lasso,bo,0.3279077922688226,0.6085068798798988,0.5212559076318278,0.07985210418701172
20,ElasticNet,default,0.4745149294420806,0.5380606768916069,0.4330073304406963,0.0
20,ElasticNet,bo,0.2782436727967017,0.6305889592608689,0.5474220221575213,0.08021950721740723
20,SVR,default,0.3264578688959551,0.6091629007381842,0.4332039863045977,0.0
20,SVR,bo,0.47614418395708025,0.5372259068946672,0.3976181537567996,0.13530683517456055
20,KNN,default,0.8549018002618356,0.2827366283756559,0.21305059318566077,0.002006053924560547
20,KNN,bo,0.8270590212415423,0.3086739780488824,0.23328547952124631,0.14901304244995117
20,RF,default,0.6999529760310376,0.40657973126485375,0.315834383092143,0.08829689025878906
20,RF,bo,0.7187827807798213,0.3936153418046451,0.282085139337332,9.069823741912842
20,GBR,default,0.5997193746823544,0.4696056868231164,0.39698866937388466,0.047977447509765625
20,GBR,bo,0.7448390633113005,0.3749368760755576,0.29335873198713924,4.364249229431152
20,XGBoost,default,0.6368156645877555,0.44731618983951305,0.375561391928803,0.0967569351196289
20,XGBoost,bo,0.740164506791559,0.37835571660410344,0.3347200328167897,3.1649575233459473
20,AdaBoost,default,0.696476559749907,0.4089283128500956,0.30496213379006337,0.11437273025512695
20,AdaBoost,bo,0.6912876064192037,0.41240896286703316,0.3087231700714856,14.863468170166016
20,MLP,default,0.35892146678696224,0.5943012996473727,0.49091773362407104,0.020040035247802734
20,MLP,bo,-0.19821867539892213,0.8124920211477183,0.6805188347671751,4.753577709197998
21,TabPFN,zero-shot,0.681789060610746,0.39712560584404905,0.3119141529139493,8.226376056671143
21,Ridge,default,0.40220969260097117,0.544308068516467,0.5057986676684386,0.0
21,Ridge,bo,0.3102429435111378,0.5846802360782126,0.5556198684637937,0.06397080421447754
21,Lasso,default,0.3975745557288214,0.5464142173184511,0.5098390462032776,0.0
21,Lasso,bo,0.26228436262999233,0.6046650017671483,0.5735968960960854,0.08167552947998047
21,ElasticNet,default,0.40014977591634704,0.5452450735263141,0.5076227641629054,0.0
21,ElasticNet,bo,0.2601885823177569,0.6055232906439555,0.5769765845955133,0.07982230186462402
21,SVR,default,0.5446057082100852,0.47507713510597094,0.3963228648745076,0.0020051002502441406
21,SVR,bo,0.6510047389360514,0.4158915556605935,0.35528229466525746,0.13951468467712402
21,KNN,default,0.6418941277197623,0.42128506083593165,0.365048406117687,0.0
21,KNN,bo,0.7017531905713917,0.3844662668782613,0.33329819209548917,0.13448786735534668
21,RF,default,0.7359985936136798,0.36172077926328083,0.25488825341284926,0.0712735652923584
21,RF,bo,0.7326753837363215,0.3639903027946799,0.25759528268694354,11.2920401096344
21,GBR,default,0.5950977256547567,0.4479664051322125,0.3529319236960438,0.05206656455993652
21,GBR,bo,0.7370920731582205,0.36097088800478055,0.2851881208419483,5.189537525177002
21,XGBoost,default,0.6106583743159011,0.4392742607212266,0.2956223613097055,0.08809876441955566
21,XGBoost,bo,0.6923135603719218,0.39050312688893074,0.31220855515565615,3.923940658569336
21,AdaBoost,default,0.6327443133028563,0.4266331543879705,0.291862235343706,0.11804604530334473
21,AdaBoost,bo,0.6055865657228073,0.4421261344295574,0.31216326993391447,12.740619897842407
21,MLP,default,0.6362169012098171,0.4246113478173885,0.3470965645764994,0.05176043510437012
21,MLP,bo,0.6945283112117596,0.38909515274955586,0.3020839985417616,9.22590708732605
22,TabPFN,zero-shot,0.5537680476892572,0.4478887596933592,0.3620468365104736,7.725781440734863
22,Ridge,default,0.400137567112279,0.5192968203578772,0.4377861289383415,0.0
22,Ridge,bo,0.38578730413049256,0.5254715720376871,0.4454193385405247,0.06366944313049316
22,Lasso,default,0.3934881383934974,0.5221670707178875,0.44159327086588007,0.0
22,Lasso,bo,0.3268026889166026,0.5501245387734197,0.47287645493641794,0.07978034019470215
22,ElasticNet,default,0.3966067929459234,0.5208228616605723,0.4394554263358263,0.0
22,ElasticNet,bo,0.3143047532886265,0.5552075977517709,0.4859556350942833,0.07955050468444824
22,SVR,default,0.38412463209356373,0.5261823163994045,0.38141128808897445,0.0
22,SVR,bo,0.4150444726392035,0.5128038247078767,0.4286592307830385,0.2871108055114746
22,KNN,default,0.44847216911782106,0.4979360242379695,0.37861618426674,0.0
22,KNN,bo,0.4723602504221469,0.48703321881497835,0.40887923543018134,0.12828421592712402
22,RF,default,0.4559054624676796,0.4945691401953423,0.40095137211368237,0.07564020156860352
22,RF,bo,0.4732099258760445,0.48664091809949445,0.3966136276313544,6.0867626667022705
22,GBR,default,0.4687590077616487,0.4886924401465962,0.3864119413526213,0.03195929527282715
22,GBR,bo,0.44668570968452814,0.49874180709298704,0.39853075323262904,5.203080654144287
22,XGBoost,default,0.38306418599033853,0.5266351255467493,0.42356683544086865,0.07833361625671387
22,XGBoost,bo,0.4927018240313483,0.47755289429972625,0.3773187968310461,4.236499547958374
22,AdaBoost,default,0.4251285174160384,0.5083644981458363,0.408881855083096,0.09851598739624023
22,AdaBoost,bo,0.49427961546622323,0.4768096769182548,0.379675457742738,8.684115409851074
22,MLP,default,0.5395566678999217,0.4549649341078499,0.370379907595177,0.05353808403015137
22,MLP,bo,0.5865896020020586,0.43110248771134335,0.363106659416389,3.789705514907837
23,TabPFN,zero-shot,0.47740225819068005,0.4487012687183734,0.37788423313391944,9.041151523590088
23,Ridge,default,-0.1879021363996043,0.6764938687637587,0.516968391897838,0.0
23,Ridge,bo,0.13805943033982515,0.5762516665140646,0.4730525393478166,0.06148052215576172
23,Lasso,default,-0.047315768207176534,0.6352027275192847,0.4980694447536766,0.0
23,Lasso,bo,-0.021591809100853565,0.6273533684993988,0.4946825543346795,0.07960915565490723
23,ElasticNet,default,-0.15505444574874505,0.6670751478603418,0.5124876893477815,0.0
23,ElasticNet,bo,0.08526609884296588,0.5936369438155134,0.4787941064723351,0.0792701244354248
23,SVR,default,-0.15464207612408187,0.6669560599309061,0.5829628968072763,0.0
23,SVR,bo,0.0065417413246280365,0.6186547408580536,0.499927517235766,0.19294190406799316
23,KNN,default,0.06488956207515917,0.6002124304993046,0.4437033363685625,0.0020055770874023438
23,KNN,bo,0.47226130759853313,0.4509028719325066,0.3255455435856292,0.14602017402648926
23,RF,default,0.6332124042780853,0.3759073808973743,0.3047384862834339,0.0862429141998291
23,RF,bo,0.6562872544446681,0.3638910311287383,0.300691080476576,5.8178205490112305
23,GBR,default,0.5118992332056814,0.4336389439397068,0.3480252599663242,0.03202414512634277
23,GBR,bo,0.47051699137314185,0.4516474339352707,0.35559833916663375,5.709700345993042
23,XGBoost,default,0.6260590285378292,0.37955529907694713,0.27691920336306236,0.08037662506103516
23,XGBoost,bo,0.7157364733319579,0.33092844834819657,0.2561438259389221,3.381110191345215
23,AdaBoost,default,0.6402315294087283,0.37229318224009356,0.30810711249007355,0.11858081817626953
23,AdaBoost,bo,0.6118842682357521,0.3866821783157895,0.32571159831249225,9.459078311920166
23,MLP,default,-1.3420353143914583,0.9498833009129377,0.8079431819465666,0.01577448844909668
23,MLP,bo,-1.0338095726205183,0.8851740564035144,0.613706915707261,8.26714038848877
24,TabPFN,zero-shot,0.8364037545874269,0.2683622141502858,0.23253001136033857,8.400807857513428
24,Ridge,default,0.03879439462898382,0.6504933298525046,0.5364804521856255,0.0
24,Ridge,bo,0.3503834245085785,0.5347653372819886,0.49815038735477674,0.07122135162353516
24,Lasso,default,0.03349512373646246,0.6522839989095262,0.5388522380187032,0.002005338668823242
24,Lasso,bo,0.3449377346475605,0.5370021094117647,0.49810651101833797,0.06946778297424316
24,ElasticNet,default,0.03166461912853458,0.6529014008925411,0.5380438464327845,0.0
24,ElasticNet,bo,0.34611140234158266,0.5365208234162772,0.49738806754572445,0.0819559097290039
24,SVR,default,0.4970733282669899,0.47052969234263403,0.3596082696117482,0.0020055770874023438
24,SVR,bo,0.4349270342614109,0.49875465881078107,0.39132433370082104,0.13837599754333496
24,KNN,default,0.7084571546575565,0.35824974858749237,0.2699599703620183,0.0005698204040527344
24,KNN,bo,0.6415910426510458,0.39721361656914894,0.3110450662497633,0.150679349899292
24,RF,default,0.8701565999159886,0.23908076675877216,0.18104853628785741,0.08440041542053223
24,RF,bo,0.8251693654046317,0.2774236410058328,0.2204505484186018,11.282139778137207
24,GBR,default,0.8959583861844584,0.21401205650770222,0.1707168947544003,0.038752079010009766
24,GBR,bo,0.8866260351288298,0.2234042175582496,0.17145922125613974,5.2696449756622314
24,XGBoost,default,0.8776543201361371,0.2320753529399338,0.1796139295039634,0.08844280242919922
24,XGBoost,bo,0.8975870703889132,0.2123303595324234,0.1550920494028685,3.7538108825683594
24,AdaBoost,default,0.8562595729932174,0.25154990961940504,0.20909507682298853,0.09826779365539551
24,AdaBoost,bo,0.7885634790295983,0.30508770247468814,0.23587539122384438,8.009507417678833
24,MLP,default,-2.241019665318889,1.1944707887534058,0.954399339133226,0.011764287948608398
24,MLP,bo,-0.7896429130559341,0.8876012246513199,0.7484624156664962,9.333021879196167
25,TabPFN,zero-shot,0.6136710934139323,0.4197224326889115,0.351804660750354,7.478569269180298
25,Ridge,default,0.27925167670043594,0.5732913634790529,0.5294136974347694,0.0
25,Ridge,bo,0.26690001717326817,0.5781828207486085,0.5400335984277215,0.07548284530639648
25,Lasso,default,0.2751279611299332,0.5749290493303181,0.5322285179945762,0.0020051002502441406
25,Lasso,bo,0.2370639018441726,0.5898310905041748,0.5571449071966654,0.06734514236450195
25,ElasticNet,default,0.2761888781733215,0.5745081644443111,0.5308448946458739,0.0
25,ElasticNet,bo,0.2549575561248867,0.5828731984548148,0.5496182916893463,0.07780218124389648
25,SVR,default,0.6319423518623153,0.4096769242165734,0.33614399520305166,0.0
25,SVR,bo,0.5034198173155935,0.4758589816374266,0.3905954944730177,0.1117241382598877
25,KNN,default,0.4549509400236228,0.498541569249388,0.42467708689699285,0.0
25,KNN,bo,0.47000859588682997,0.4916069248835407,0.40988527427133015,0.12257671356201172
25,RF,default,0.6538434002799218,0.3973012093103239,0.29508080612677196,0.06720447540283203
25,RF,bo,0.7020067974706543,0.3686266739175915,0.2979737272140485,9.86081337928772
25,GBR,default,0.5817601711210846,0.4367131537265552,0.34925742857224745,0.03192901611328125
25,GBR,bo,0.6511794423064692,0.39882705804767477,0.32313031457686475,6.027531385421753
25,XGBoost,default,0.5363806568096272,0.45979511466913603,0.3593566781104512,0.10196232795715332
25,XGBoost,bo,0.6024405062550043,0.4257793977476983,0.3300051126636828,3.17040753364563
25,AdaBoost,default,0.6361404087595389,0.4073338410759221,0.3006562398512478,0.0974273681640625
25,AdaBoost,bo,0.6355328890936702,0.4076737525645678,0.3029798399615177,15.319920778274536
25,MLP,default,0.5610378869211199,0.4474011517701788,0.3698187067945145,0.06729769706726074
25,MLP,bo,0.4204130536978986,0.5140944041611688,0.4407276388756098,11.27682089805603
26,TabPFN,zero-shot,0.681837431197306,0.3361251078090795,0.27881356884078373,7.456816911697388
26,Ridge,default,-0.2662328083660088,0.6705531288632668,0.5424407254894242,0.0
26,Ridge,bo,-0.08900970094562077,0.6218595189410289,0.5221026455324972,0.06338000297546387
26,Lasso,default,-0.16472875422334,0.64311525434445,0.5284879867259779,0.016178131103515625
26,Lasso,bo,-0.2791067971488512,0.6739533178947711,0.5597839114086397,0.06419777870178223
26,ElasticNet,default,-0.26484300613329514,0.6701850322184457,0.5434617621400878,0.0
26,ElasticNet,bo,-0.27224315362899354,0.6721426803949426,0.5601047676417864,0.0797584056854248
26,SVR,default,0.14871867222725033,0.5498104197066732,0.41137615248446163,0.0
26,SVR,bo,0.11997918835178567,0.5590142564544621,0.427614563579967,0.17467236518859863
26,KNN,default,0.4566486312411293,0.43925508222695747,0.35434540409628273,0.0
26,KNN,bo,0.461259403948707,0.4373873955196815,0.34641004060818475,0.16112208366394043
26,RF,default,0.4975091700095877,0.4224161195281087,0.2967985304896226,0.07455873489379883
26,RF,bo,0.6238188754146555,0.36548950650044154,0.2729270091943319,10.028352499008179
26,GBR,default,0.4558568748805012,0.4395750008124225,0.31597803609214536,0.041660308837890625
26,GBR,bo,0.40902242168187364,0.4581017115135052,0.36270657222115715,3.2485604286193848
26,XGBoost,default,0.43086408891997885,0.44955663004490604,0.30559301071260353,0.10447573661804199
26,XGBoost,bo,0.513025109176066,0.415843288671912,0.30510392641491973,3.628098249435425
26,AdaBoost,default,0.48993274030678235,0.4255887469823631,0.3029436519652193,0.09757494926452637
26,AdaBoost,bo,0.47599117339204344,0.43136580358726084,0.3170504224790925,12.335930347442627
26,MLP,default,0.20155880913854018,0.5324733533334871,0.45091555167365877,0.05908513069152832
26,MLP,bo,-0.13238888581897346,0.6341240306019608,0.5158908454294248,7.471516370773315
27,TabPFN,zero-shot,0.7336884882475502,0.28589312917549203,0.20122329288950924,8.194572448730469
27,Ridge,default,0.31272841947992247,0.4592751429680315,0.4057880326235666,0.0
27,Ridge,bo,0.28117868443209315,0.46969855237182984,0.4408279787157057,0.06300663948059082
27,Lasso,default,0.3197765604166123,0.45691408366476743,0.40992032036679554,0.0
27,Lasso,bo,0.10459680946663552,0.5242254087009212,0.4708320390131422,0.0796201229095459
27,ElasticNet,default,0.31545988224934074,0.458361572609965,0.4075388493836957,0.0
27,ElasticNet,bo,0.1724139528620796,0.5039823510636653,0.4571048280021202,0.08160281181335449
27,SVR,default,0.6211856418596698,0.3409745492992261,0.294412104075271,0.0
27,SVR,bo,0.4744782217229452,0.4016096202061058,0.3580754891160201,0.15970659255981445
27,KNN,default,0.6880952402729166,0.3093996009978601,0.24268999742607714,0.0020051002502441406
27,KNN,bo,0.7149383760972494,0.2957863482155247,0.2425578938805152,0.25926637649536133
27,RF,default,0.6984179063952634,0.3042366456123211,0.205684830071444,0.08829212188720703
27,RF,bo,0.6648305554362977,0.3207310145319577,0.22614487452997492,10.460516691207886
27,GBR,default,0.7170850183234513,0.2946705415025956,0.23995268462020247,0.03209948539733887
27,GBR,bo,0.6123260757096298,0.34493879623066726,0.2607171066376168,4.932260036468506
27,XGBoost,default,0.5294138368543749,0.3800391384039943,0.2405335847871821,0.10025715827941895
27,XGBoost,bo,0.6163371162713086,0.34314971424003765,0.2323044979907394,3.09836745262146
27,AdaBoost,default,0.640348065184539,0.332238493382143,0.2237218167029619,0.09970283508300781
27,AdaBoost,bo,0.6168276971182245,0.34293025526579685,0.2341292652114896,13.95499849319458
27,MLP,default,-1.5081889232758363,0.877382304277047,0.7848200816305176,0.022053956985473633
27,MLP,bo,0.2648344178639095,0.47500844575134166,0.4210321610238033,5.394812345504761
28,TabPFN,zero-shot,0.3692719140200933,0.467214077947154,0.36505850471343604,8.089985609054565
28,Ridge,default,-0.3173034370160366,0.6752082617948347,0.43827818016036035,0.0
28,Ridge,bo,0.1667767829195802,0.5370015218927416,0.41388740921965533,0.07639694213867188
28,Lasso,default,-0.055587132582554544,0.6044242481898772,0.39890475206894754,0.0
28,Lasso,bo,-0.8100895111524336,0.7914889591490366,0.5264753010059225,0.07158279418945312
28,ElasticNet,default,-0.2796335891202615,0.6654840498030389,0.4300240918112188,0.0020055770874023438
28,ElasticNet,bo,-0.8104987711898926,0.7915784316561552,0.5265410254708722,0.07382988929748535
28,SVR,default,-0.17681415384327792,0.6381882100376273,0.518198572955971,0.0
28,SVR,bo,0.28182888895881,0.49855009210831136,0.39300312077906824,0.15867161750793457
28,KNN,default,0.1433055251593619,0.5445124550456155,0.3903027367882341,0.0
28,KNN,bo,0.3355589239056417,0.4795380485664718,0.37003350665549517,0.13586759567260742
28,RF,default,0.43682743986503614,0.4414846196006647,0.325148175956909,0.0861363410949707
28,RF,bo,0.4232561749503033,0.44677237506101347,0.3445770800471446,5.64050555229187
28,GBR,default,0.35339722283481134,0.4730571575832796,0.3754174470647764,0.0413665771484375
28,GBR,bo,0.3831715019976041,0.4620373138258667,0.33812937391298953,4.7214250564575195
28,XGBoost,default,0.33044604870411576,0.48137953583983695,0.36583393842839124,0.09453010559082031
28,XGBoost,bo,0.44359287496859556,0.438824813073777,0.36636706450596096,3.8030104637145996
28,AdaBoost,default,0.38446704202684434,0.461551844627629,0.3661211366239882,0.09787702560424805
28,AdaBoost,bo,0.3694299174244,0.46715555348921556,0.3696835662889553,11.339024782180786
28,MLP,default,-0.8862219261009163,0.8079625471064028,0.6351052320827222,0.02413177490234375
28,MLP,bo,-0.26077263927299943,0.6605614468760778,0.46438860178490976,14.783658266067505
29,TabPFN,zero-shot,0.7988087651969252,0.32764825449623963,0.24857440160121202,7.681833744049072
29,Ridge,default,0.16913113956572634,0.665839525176229,0.5458399580480552,0.0
29,Ridge,bo,0.3558017307937795,0.5862908379021768,0.5293433791371589,0.06363201141357422
29,Lasso,default,0.16097035081939504,0.6691014708697126,0.5514797021621195,0.0
29,Lasso,bo,0.3671325031612347,0.5811118429268642,0.5462213968812494,0.07970356941223145
29,ElasticNet,default,0.16122042619773724,0.6690017495586171,0.5490046765565443,0.0
29,ElasticNet,bo,0.3791806842402946,0.5755538203825241,0.5435340176524007,0.08023881912231445
29,SVR,default,0.528861920219089,0.5013920393853,0.3431929241585255,0.0
29,SVR,bo,0.5591110561271677,0.4850292554720058,0.38114578875092264,0.13064360618591309
29,KNN,default,0.6674794586259305,0.42122347830332907,0.28973994736070957,0.0
29,KNN,bo,0.619992498504792,0.45029737526872937,0.3398059350924844,0.12580537796020508
29,RF,default,0.8325695515434743,0.2988963081497282,0.22962235583723933,0.0750119686126709
29,RF,bo,0.8337894375605834,0.2978054492037842,0.2145819854793601,11.452221155166626
29,GBR,default,0.7436954696250648,0.36981240236600876,0.31473080481382254,0.047471046447753906
29,GBR,bo,0.7374359439711374,0.37430098234927367,0.3194047634476797,3.8417158126831055
29,XGBoost,default,0.7556807655909613,0.3610623130422956,0.2891604687280274,0.0891261100769043
29,XGBoost,bo,0.7686985072524248,0.35131164718982616,0.26851639403200017,3.344980478286743
29,AdaBoost,default,0.8304450921129625,0.30078661983020927,0.2392128586167097,0.10033059120178223
29,AdaBoost,bo,0.8396646269423229,0.2924947019025379,0.24104357024142012,8.38805627822876
29,MLP,default,-1.642236140696121,1.187378401696038,0.9220585248298173,0.009759187698364258
29,MLP,bo,0.7144184071464612,0.3903628107245067,0.2921040292790475,10.940293073654175
30,TabPFN,zero-shot,0.6769037110821257,0.3134150046015087,0.23988055348264872,8.148659229278564
30,Ridge,default,0.37364196300021457,0.4363802900250443,0.38809231263598604,0.0
30,Ridge,bo,0.3980153354284428,0.42780564739999716,0.39607675139986337,0.0634150505065918
30,Lasso,default,0.3703956146041476,0.4375096853029374,0.39262556199669324,0.0
30,Lasso,bo,0.3486992260924847,0.44498420585040593,0.4171734858243057,0.08471131324768066
30,ElasticNet,default,0.37113451057605407,0.43725288193960393,0.3903175263603526,0.0
30,ElasticNet,bo,0.3444925614239167,0.44641893965296536,0.42015422073982606,0.07976460456848145
30,SVR,default,0.5291909007912902,0.37833474152185,0.2765520829509656,0.002006053924560547
30,SVR,bo,0.6280173848683421,0.33629090430102193,0.2799338713958884,0.12165141105651855
30,KNN,default,0.6688629011077221,0.31729097497741704,0.22836986945131063,0.001031637191772461
30,KNN,bo,0.726137815109027,0.28854917287521015,0.17128925920981333,0.12389731407165527
30,RF,default,0.5963454248899323,0.35031500437930124,0.25676378301088304,0.07782340049743652
30,RF,bo,0.6603216326628294,0.3213569849658971,0.24958413481158626,5.963479995727539
30,GBR,default,0.46738914052937586,0.4024007745146314,0.3146662304448736,0.047545671463012695
30,GBR,bo,0.6673186656696302,0.31802994693148884,0.23091810053760808,4.216830730438232
30,XGBoost,default,0.6225525704809813,0.3387521306392086,0.24388931602639888,0.10463404655456543
30,XGBoost,bo,0.653954435767182,0.32435488473678986,0.24802478114981488,3.6010615825653076
30,AdaBoost,default,0.5742714475689155,0.35976605871671635,0.25422326076428164,0.13000273704528809
30,AdaBoost,bo,0.5941494051000136,0.35126662892887206,0.2405966279930617,9.187081813812256
30,MLP,default,-2.169171703572812,0.9815822224109806,0.8087584490562582,0.00975942611694336
30,MLP,bo,0.5024392974646215,0.3889348287809127,0.30682748010498395,9.77269983291626
31,TabPFN,zero-shot,0.8592559258265187,0.2848772841802213,0.24445052852829216,8.782510757446289
31,Ridge,default,0.44871534842818517,0.5638073222616146,0.45592245744930654,0.0
31,Ridge,bo,0.5168486150523166,0.5278182173019141,0.4516258126548787,0.0786890983581543
31,Lasso,default,0.4344715693517641,0.5710445389688883,0.4637971495277558,0.0018436908721923828
31,Lasso,bo,0.4114277532515971,0.5825626686053597,0.4693273364108074,0.06172370910644531
31,ElasticNet,default,0.44157790004103215,0.5674453740388938,0.46028650365193197,0.0
31,ElasticNet,bo,0.4611501503146438,0.5574124237711693,0.47056010982167423,0.0886998176574707
31,SVR,default,0.17338963706669808,0.6903879203036836,0.5651559464980133,0.0
31,SVR,bo,0.46485880704038895,0.5554909046177905,0.4260203435239604,0.1504836082458496
31,KNN,default,0.7563320037360932,0.3748366148855182,0.3599096572608376,0.0
31,KNN,bo,0.7220006361512972,0.4003728893496041,0.3474277856167634,0.15250062942504883
31,RF,default,0.8194858418394062,0.3226252813728971,0.25242843591393854,0.08201384544372559
31,RF,bo,0.8327089299094342,0.31058404420497204,0.24307465117914603,5.989457368850708
31,GBR,default,0.7686350807538374,0.36525108604946094,0.31436309739793566,0.04070925712585449
31,GBR,bo,0.7900677444593749,0.34792236525867415,0.31191701265634914,4.703468084335327
31,XGBoost,default,0.7561372063934146,0.37498641418271766,0.29494129514725403,0.08656430244445801
31,XGBoost,bo,0.7267997920269056,0.396901987770691,0.3642162056112659,3.532147169113159
31,AdaBoost,default,0.8239799641890893,0.318583892075797,0.2747164997178507,0.10590505599975586
31,AdaBoost,bo,0.8226171443918101,0.3198148181044739,0.27552788775361836,9.307891368865967
31,MLP,default,-0.8472816253114897,1.0320703851821686,0.9514050909873882,0.0
31,MLP,bo,0.7338136112109385,0.3917740655008516,0.3319399806597791,6.203662395477295
32,TabPFN,zero-shot,0.700317390574746,0.3923865262188585,0.30882809733064315,8.32423210144043
32,Ridge,default,0.3829424911125783,0.5630489282398753,0.5038848812004073,0.0
32,Ridge,bo,0.34107818855083893,0.5818355556229013,0.5340791121926473,0.07708549499511719
32,Lasso,default,0.37493475708890667,0.5666905761583367,0.5079526110447897,0.0
32,Lasso,bo,0.2861914764159308,0.6055837042327992,0.5580020976999842,0.0653543472290039
32,ElasticNet,default,0.378425762435863,0.5651058697327039,0.5057920499870404,0.0
32,ElasticNet,bo,0.3234952390757735,0.5895474211930977,0.5409840249813842,0.07992267608642578
32,SVR,default,0.5295520833309058,0.4916308080987798,0.4015328400195552,0.0
32,SVR,bo,0.2260981505782993,0.6305597678246908,0.5689542750567206,0.15872955322265625
32,KNN,default,0.5697446288980156,0.47016085300011184,0.3666065214750129,0.0
32,KNN,bo,0.5858204084304715,0.46129384841279747,0.3783368600122026,0.1661376953125
32,RF,default,0.7076177772317254,0.38757771418632475,0.27335320088335197,0.08481383323669434
32,RF,bo,0.7021832560614957,0.391163092463885,0.26231598608544876,11.072876930236816
32,GBR,default,0.6019099943177497,0.4522451859519807,0.3323642104713637,0.04755520820617676
32,GBR,bo,0.5804549947399513,0.4642721074738483,0.34438565925797726,5.980790853500366
32,XGBoost,default,0.5605538516094859,0.47515592219038894,0.345752870390499,0.09021639823913574
32,XGBoost,bo,0.5585297722657809,0.4762489439180218,0.36203852000720554,3.060502052307129
32,AdaBoost,default,0.6826132055529796,0.4038106250343547,0.2786244728562994,0.12837934494018555
32,AdaBoost,bo,0.6203158861414948,0.4416665700872866,0.29943900222923153,9.49113392829895
32,MLP,default,-1.6827328533779315,1.1740106300564401,0.9709853761386745,0.016149520874023438
32,MLP,bo,0.524054859496518,0.49449483964453356,0.43168777320221247,6.4234278202056885
33,TabPFN,zero-shot,0.7952969391565994,0.2732481473131647,0.22095988881348286,7.604940414428711
33,Ridge,default,0.42649119847355377,0.4573672898929227,0.3858407542657088,0.0
33,Ridge,bo,0.3019290441657443,0.5045972068983072,0.46030700906817895,0.06382369995117188
33,Lasso,default,0.42622747040686604,0.45747243799801635,0.3931560074984814,0.0
33,Lasso,bo,0.025094320800687075,0.5963158567474101,0.5361689884045335,0.08146214485168457
33,ElasticNet,default,0.4269968239784322,0.45716562990120957,0.3887567408600186,0.002005338668823242
33,ElasticNet,bo,0.00987741875673187,0.6009516617524117,0.5413480707870703,0.08168864250183105
33,SVR,default,0.49752520587487303,0.42810687100345446,0.32549355343554454,0.0020058155059814453
33,SVR,bo,0.5857610883028013,0.3887053371524621,0.34894647743290297,0.15059566497802734
33,KNN,default,0.6460046448595862,0.35933029961709156,0.27302601892370576,0.016150951385498047
33,KNN,bo,0.6448133863331695,0.3599343976098632,0.28551793759441746,0.1266641616821289
33,RF,default,0.7222727113981615,0.3182763250416748,0.24434678748777763,0.07885503768920898
33,RF,bo,0.6929627843266727,0.33464979806311324,0.24162102451112843,10.641766786575317
33,GBR,default,0.8449517457155968,0.23780911578913908,0.18905360042376076,0.03183722496032715
33,GBR,bo,0.6151047688058753,0.37468501364743406,0.30099998616613366,3.410950183868408
33,XGBoost,default,0.7850602945235317,0.27999700277300327,0.23598134132257345,0.10010790824890137
33,XGBoost,bo,0.740114240323692,0.30788341803677927,0.24677545066231152,3.2993319034576416
33,AdaBoost,default,0.5237623220514884,0.416780060860969,0.30333943032633065,0.11629867553710938
33,AdaBoost,bo,0.5373528484503156,0.4107901335363006,0.28780790614587526,8.148158550262451
33,MLP,default,0.5383652443986333,0.4103404279343719,0.3221392314867488,0.03846001625061035
33,MLP,bo,0.6883805568541216,0.33713770904453555,0.24902629585798342,8.955761671066284
34,TabPFN,zero-shot,0.515355665653207,0.4859605902124166,0.3743273008660131,7.625665903091431
34,Ridge,default,0.047909139708655846,0.6811279139500616,0.536901734842936,0.0
34,Ridge,bo,0.2924963631855241,0.5871564271582036,0.5141231425259876,0.06396317481994629
34,Lasso,default,0.18110500002282093,0.6316894017494353,0.5142061271708384,0.0
34,Lasso,bo,0.17753423874048557,0.6330651327811696,0.5147240439869515,0.07981514930725098
34,ElasticNet,default,0.08962708405115549,0.6660382103773086,0.5281688204726948,0.0
34,ElasticNet,bo,0.2689670805661981,0.5968400361001296,0.5016506056598035,0.08750367164611816
34,SVR,default,0.25684404095875724,0.6017685174008462,0.45440877021560744,0.002006053924560547
34,SVR,bo,0.414056758607768,0.5343394700974106,0.4060080678413793,0.11765289306640625
34,KNN,default,0.41722674507890645,0.5328921063048293,0.41007860081213726,0.0
34,KNN,bo,0.5847292134879987,0.44983699675502115,0.3724315370104811,0.13521957397460938
34,RF,default,0.5885343218578996,0.4477713354396694,0.3037840897848767,0.06978988647460938
34,RF,bo,0.5718543315424708,0.45675704870681316,0.3158356548686198,7.765373706817627
34,GBR,default,0.6469804893613059,0.4147523306009147,0.2675979038390673,0.039882659912109375
34,GBR,bo,0.58029545680954,0.45223202724943845,0.32715710748790644,5.623173952102661
34,XGBoost,default,0.5335396779558002,0.47675673259082624,0.2860692336936931,0.10246825218200684
34,XGBoost,bo,0.5885459796592948,0.4477649921812267,0.3188516346301463,3.6443214416503906
34,AdaBoost,default,0.5851240522682355,0.4496230937602576,0.34190770998887604,0.09830188751220703
34,AdaBoost,bo,0.5047141476411983,0.49126683036388363,0.37192410484734967,10.220560073852539
34,MLP,default,-0.9944655521204362,0.9858316356043731,0.7798178041767283,0.026125431060791016
34,MLP,bo,0.13537395046975076,0.6490880875182801,0.4461588304996762,6.227091073989868
35,TabPFN,zero-shot,0.6556511089535204,0.3730549165334949,0.279479902841599,7.944697380065918
35,Ridge,default,-0.6703477190467846,0.821631096580999,0.6411259561879037,0.0
35,Ridge,bo,-0.057606948325499285,0.6537859320336594,0.5653403984107905,0.07617855072021484
35,Lasso,default,-0.6543880148619272,0.8176964480122424,0.6396663742730047,0.0010142326354980469
35,Lasso,bo,0.07907198677164429,0.6100792661130026,0.540675539876152,0.06486964225769043
35,ElasticNet,default,-0.6740486504309151,0.822540822679154,0.6418496190879693,0.0
35,ElasticNet,bo,0.21810222014562464,0.5621450795194375,0.5147754174015079,0.07960891723632812
35,SVR,default,0.06253639583590187,0.6155319939967548,0.4787813726711238,0.0
35,SVR,bo,0.24433462899094482,0.5526347422109287,0.41683815160933474,0.12706875801086426
35,KNN,default,0.4427077763143239,0.4745859918184724,0.36172376672563433,0.0
35,KNN,bo,0.5086890869512675,0.44560661475301744,0.2998937729819053,0.138275146484375
35,RF,default,0.6408406419649761,0.3809930179853912,0.3063624986411172,0.08290863037109375
35,RF,bo,0.6098068703968382,0.39711220288480215,0.30827365498269355,10.97029447555542
35,GBR,default,0.6784011064391677,0.3605211075516024,0.26696478338763197,0.033937692642211914
35,GBR,bo,0.5903558308778347,0.40688980877698183,0.3208103528136212,5.224228382110596
35,XGBoost,default,0.5497449016443192,0.4265822132803724,0.29206582901642636,0.08821702003479004
35,XGBoost,bo,0.5554209494558289,0.4238848752204572,0.33171834646370285,3.1967477798461914
35,AdaBoost,default,0.653507676472495,0.37421417329186507,0.2838563886921129,0.12569475173950195
35,AdaBoost,bo,0.6759011576623684,0.3619196502106344,0.2815011370338198,14.9116849899292
35,MLP,default,-3.678820707528092,1.3751232509423428,1.0367901793287162,0.015929460525512695
35,MLP,bo,-1.6076516446983296,1.026592791616051,0.9305764974134854,5.121968746185303
36,TabPFN,zero-shot,0.5785852913763883,0.4447959913822823,0.36106632058804605,8.193058967590332
36,Ridge,default,0.1449217670486852,0.6335909208189182,0.46044277764838276,0.0
36,Ridge,bo,0.24291043425834968,0.5961830851920468,0.5292013407403015,0.0637359619140625
36,Lasso,default,0.24987832950750366,0.5934332495690515,0.4638703912881686,0.0
36,Lasso,bo,0.21087375824134247,0.6086663080974201,0.5624413217938627,0.0821833610534668
36,ElasticNet,default,0.17478915072191437,0.6224270872259038,0.461756407386342,0.0
36,ElasticNet,bo,0.17602515193646795,0.6219607767522828,0.5843992841535254,0.0795586109161377
36,SVR,default,0.5999629091727249,0.4333673116386226,0.36064064704030746,0.0
36,SVR,bo,0.5258570709380193,0.47180295746046474,0.40079547044134717,0.15612363815307617
36,KNN,default,0.35670208608034526,0.5495561739780969,0.4046886020669307,0.0
36,KNN,bo,0.6395665258894826,0.4113567032324464,0.3144483763153681,0.13827180862426758
36,RF,default,0.5419344242188164,0.4637349703538265,0.3681666122375716,0.08123660087585449
36,RF,bo,0.5346428170428772,0.46741132486287035,0.37584563362783135,11.24398159980774
36,GBR,default,0.4580053308536828,0.504433042856325,0.3884649674028286,0.04960465431213379
36,GBR,bo,0.5272874806498049,0.47109074469318374,0.36892222448743306,6.183657169342041
36,XGBoost,default,0.5478418179198501,0.46073501258765437,0.338488263205873,0.09368085861206055
36,XGBoost,bo,0.6335234456711285,0.41479080216860365,0.32416657015666744,4.139159917831421
36,AdaBoost,default,0.5676532729515118,0.45052833230041367,0.3403365587220122,0.09827184677124023
36,AdaBoost,bo,0.5357337616265581,0.46686312331348856,0.3592607795918313,8.261876344680786
36,MLP,default,-0.6770724360462508,0.8873233910975334,0.4817110449887411,0.06350421905517578
36,MLP,bo,-1.0734310682583925,0.986622057599339,0.7961786210214122,10.386371374130249
37,TabPFN,zero-shot,0.8183196371056358,0.3202944478172034,0.24279563730657694,8.190686702728271
37,Ridge,default,0.3718302966553162,0.5955715029061235,0.47505381301886423,0.0
37,Ridge,bo,0.39657621542879484,0.5837227612914982,0.488331338658977,0.07949423789978027
37,Lasso,default,0.3840261361341024,0.5897616908260906,0.4766251681375194,0.0
37,Lasso,bo,0.2661649022423903,0.6437165213705672,0.5400033706647801,0.07175230979919434
37,ElasticNet,default,0.38794751650205717,0.5878814386513314,0.4740090105441574,0.0
37,ElasticNet,bo,0.27676769937326806,0.6390492406362254,0.5350526831725145,0.07175683975219727
37,SVR,default,0.42548046442069143,0.5695709312232972,0.4217028216257302,0.0
37,SVR,bo,0.5973455686712488,0.47682789865749986,0.36776690170955534,0.1276569366455078
37,KNN,default,0.7247475060206507,0.3942403279264128,0.3112108035108295,0.0
37,KNN,bo,0.7295205467070489,0.39080719974921846,0.3185591790900774,0.13727712631225586
37,RF,default,0.7596127652389117,0.36842671762232126,0.2708312818941764,0.08206415176391602
37,RF,bo,0.7973384003784375,0.3382837600617754,0.23426183249783641,8.612366676330566
37,GBR,default,0.7126699949314126,0.40279670229160186,0.3002937659633778,0.04228615760803223
37,GBR,bo,0.7760189178017645,0.35563220736700396,0.2659733490491782,5.871218204498291
37,XGBoost,default,0.7172490498196593,0.39957421284486644,0.2807645860699466,0.10052967071533203
37,XGBoost,bo,0.7322666248374644,0.3888182779930685,0.30561639998233825,3.7323591709136963
37,AdaBoost,default,0.7635251278351027,0.3654162998859289,0.27696426462900786,0.1228022575378418
37,AdaBoost,bo,0.7378524578076964,0.3847408597982067,0.2810670532230097,13.094562768936157
37,MLP,default,-0.024563516319075385,0.7606149540027145,0.599179604825507,0.016183137893676758
37,MLP,bo,0.6032688969534353,0.47330766850003436,0.3445425060821428,5.836344242095947
38,TabPFN,zero-shot,0.6389294108662349,0.37580942309934434,0.2913823818060603,8.651245355606079
38,Ridge,default,0.09498000351170843,0.5949777098793823,0.5294737593083001,0.0
38,Ridge,bo,0.174661390255906,0.5681822852864847,0.5103344476014194,0.06350183486938477
38,Lasso,default,0.11048482023189965,0.5898591084693672,0.5257269223878068,0.0
38,Lasso,bo,0.20910987636071332,0.5561983348067496,0.4985519973605966,0.08202242851257324
38,ElasticNet,default,0.10044166871958526,0.593179690725206,0.5281248177321459,0.0
38,ElasticNet,bo,0.1847850559732067,0.564686849985097,0.5048979426403334,0.07719731330871582
38,SVR,default,0.14416891495538808,0.5785829566968858,0.4546896389994388,0.0
38,SVR,bo,0.5051073089677961,0.43997411673584863,0.34252705960058333,0.11167597770690918
38,KNN,default,0.4854842067599471,0.44861207934749187,0.3299569256510316,0.0
38,KNN,bo,0.6904390940466278,0.34797229113734807,0.27464073300025466,0.14223003387451172
38,RF,default,0.667831741192166,0.3604546837828625,0.2628806786956123,0.07979798316955566
38,RF,bo,0.6674761615948802,0.3606475620084199,0.2614838519452051,11.098818063735962
38,GBR,default,0.6007866621912776,0.3951610489063358,0.33754479522457626,0.03978896141052246
38,GBR,bo,0.6575720685695938,0.3659790279712737,0.2821859362639238,5.485395908355713
38,XGBoost,default,0.5434616082667147,0.42258128603969386,0.34432446931044497,0.09584903717041016
38,XGBoost,bo,0.5938646746588425,0.39857218826576973,0.2745333060515767,2.7737905979156494
38,AdaBoost,default,0.6758754374916122,0.3560636012147634,0.26038286907441055,0.1023106575012207
38,AdaBoost,bo,0.6415635409562918,0.3744360863832939,0.2567705070497489,7.425213098526001
38,MLP,default,0.4107629614183177,0.4800833311988654,0.39209296011823547,0.0670325756072998
38,MLP,bo,0.6063555317465587,0.3923951985425165,0.31214325483213484,6.438062906265259
39,TabPFN,zero-shot,0.5793339436099333,0.3978622218230186,0.2883176026690467,7.585984230041504
39,Ridge,default,0.4819638646183023,0.4415135086767058,0.3923338702931603,0.0
39,Ridge,bo,0.5330759721715459,0.419166995895712,0.380067075569026,0.06362414360046387
39,Lasso,default,0.455077687114236,0.45282590541109075,0.4036131708406094,0.0
39,Lasso,bo,0.4636179878916502,0.4492634326419519,0.4064866954856656,0.08011770248413086
39,ElasticNet,default,0.4665216417137342,0.4480457596931932,0.3985305963611765,0.0
39,ElasticNet,bo,0.44906202674606066,0.4553185268225103,0.40927936376763996,0.07973575592041016
39,SVR,default,0.6146938485587925,0.38077369626483853,0.2921184306606766,0.0
39,SVR,bo,0.4088717574013857,0.4716336931216612,0.41024885516794796,0.17983102798461914
39,KNN,default,0.7974210890490401,0.2760966165305903,0.22531196449289712,0.0
39,KNN,bo,0.7686349011239937,0.29506173507869293,0.23993952316504333,0.1254572868347168
39,RF,default,0.5246315082874864,0.42294039325772725,0.3044162010160273,0.07248282432556152
39,RF,bo,0.530789021807269,0.4201922624509367,0.30203836868861783,11.227359294891357
39,GBR,default,0.34706441710472735,0.49567742157187095,0.3541367848908828,0.031195402145385742
39,GBR,bo,0.47281102497393146,0.4453968366390433,0.351621263245043,3.7635276317596436
39,XGBoost,default,0.44174728863830337,0.45833116521514333,0.3155566812818237,0.09181499481201172
39,XGBoost,bo,0.5569714577061624,0.40830041549355167,0.28932958557363275,3.958024263381958
39,AdaBoost,default,0.4930875715173,0.4367475105578159,0.31135955860917025,0.10930943489074707
39,AdaBoost,bo,0.4755715732939675,0.4442291782171222,0.31708960260981583,13.48189401626587
39,MLP,default,0.021995512574059406,0.6066446784162564,0.5183709377377982,0.010019540786743164
39,MLP,bo,0.7315739294156598,0.31781640841527137,0.2527202623991245,6.409278869628906
40,TabPFN,zero-shot,0.725262410130074,0.3337063814054583,0.27439527554405824,8.134207010269165
40,Ridge,default,0.2205661727844903,0.5620760684310944,0.5099949433336322,0.0
40,Ridge,bo,0.2682831898306779,0.5445991834627667,0.506044496617044,0.07588338851928711
40,Lasso,default,0.2321400760945006,0.5578872940047844,0.5088410681233854,0.002005338668823242
40,Lasso,bo,0.26189376546303533,0.546971762589388,0.4929105654245764,0.06539011001586914
40,ElasticNet,default,0.2254125641064738,0.5603258953503629,0.5095096487796479,0.0
40,ElasticNet,bo,0.27357750743282105,0.5426253901640056,0.504307260280309,0.07928895950317383
40,SVR,default,0.7005216576882698,0.34840804921718804,0.31466697576927755,0.0
40,SVR,bo,0.5922730329384693,0.40652774215131754,0.3451322443285405,0.13889813423156738
40,KNN,default,0.49267055077953414,0.45347203096217675,0.38747980275709687,0.0
40,KNN,bo,0.6066344244322719,0.3993039856590975,0.3270441494977884,0.13055992126464844
40,RF,default,0.742274764783557,0.32320936944653794,0.2076176567832393,0.09370684623718262
40,RF,bo,0.7109157403130429,0.3423085070499839,0.22346832280581566,11.038549900054932
40,GBR,default,0.7383653358952362,0.32565152126465596,0.27209188901509057,0.04143095016479492
40,GBR,bo,0.6743201512703243,0.36332971103878015,0.26555817281698785,5.163894891738892
40,XGBoost,default,0.6667298082972861,0.36753923349610274,0.26607783044552696,0.0863192081451416
40,XGBoost,bo,0.6614580193549726,0.3704347623385635,0.2866773559993369,3.6573338508605957
40,AdaBoost,default,0.6508535778953599,0.3761917504225211,0.2642358264788602,0.10029053688049316
40,AdaBoost,bo,0.6860796573775946,0.3567099301551303,0.2594003983308467,10.152769804000854
40,MLP,default,0.4601506567648681,0.4677801171398788,0.3983193784703553,0.04744720458984375
40,MLP,bo,-0.3260743800514114,0.7331442147123309,0.6416105310245522,9.57014799118042
41,TabPFN,zero-shot,0.49041997201420595,0.4196163920866979,0.320622346464623,8.17948055267334
41,Ridge,default,0.028748228742271786,0.5793115110109535,0.4956214182517653,0.0
41,Ridge,bo,0.06779877828566672,0.5675460168493532,0.5126026489111416,0.07969450950622559
41,Lasso,default,0.010585420673680734,0.5847031034176845,0.5005382295578509,0.0
41,Lasso,bo,0.031408442083326826,0.578517613409732,0.5267813191818768,0.06375455856323242
41,ElasticNet,default,0.01899405910487839,0.5822132232012356,0.49799695377513215,0.0
41,ElasticNet,bo,0.02478311842277814,0.5804928187295774,0.5281071673700176,0.08551883697509766
41,SVR,default,0.0438763041679493,0.5747821690503356,0.4808985389270526,0.0
41,SVR,bo,0.42559019013717736,0.4455097061617554,0.3790337402153477,0.15274691581726074
41,KNN,default,0.2067346649767432,0.5235467697712236,0.40130524739219126,0.0
41,KNN,bo,0.23409688474735635,0.5144381457295505,0.38858260849908266,0.13222527503967285
41,RF,default,0.34710527094808863,0.474971802106791,0.37044495530747623,0.07359123229980469
41,RF,bo,0.3540275952773373,0.4724471451849286,0.3661624160134338,11.370147466659546
41,GBR,default,-0.002270381986874792,0.5884894676189742,0.4719494165888913,0.04796242713928223
41,GBR,bo,0.2065021927617422,0.5236234787588417,0.44800519497100383,5.336466073989868
41,XGBoost,default,0.22922138247892498,0.5160729252682003,0.40637755912427637,0.09041047096252441
41,XGBoost,bo,0.3698436850190614,0.4666275675418282,0.361711586732512,3.9851338863372803
41,AdaBoost,default,0.4305884925177178,0.44356714045410234,0.3529595635107537,0.1162412166595459
41,AdaBoost,bo,0.4030711069040881,0.4541586041590517,0.36999405000751234,8.664429187774658
41,MLP,default,0.040584332723211825,0.5757708175864162,0.4625010966758137,0.06845283508300781
41,MLP,bo,0.4733698696600315,0.42657863249218503,0.3290709844205228,4.104945659637451
42,TabPFN,zero-shot,0.8253720186360951,0.33542874373441256,0.26253792126881986,8.29756236076355
42,Ridge,default,0.48126881281012035,0.5781154001628223,0.4403194304395394,0.0
42,Ridge,bo,0.4938512574586178,0.571060919000029,0.46752339496730594,0.0765085220336914
42,Lasso,default,0.47678940695628613,0.5806061381882014,0.4420553655111797,0.0
42,Lasso,bo,0.4778715265390959,0.580005414047386,0.44116030729001104,0.06905198097229004
42,ElasticNet,default,0.479121833469351,0.5793105472814597,0.4408682944438107,0.0
42,ElasticNet,bo,0.47678941342117354,0.5806061346011627,0.44229697221296965,0.08586883544921875
42,SVR,default,0.6163073468457931,0.49720455715908435,0.39876778237432126,0.0010428428649902344
42,SVR,bo,0.5677893013117179,0.5277048859298978,0.3627433582717415,0.14908266067504883
42,KNN,default,0.6879238861786519,0.44840828000617267,0.34392192589631376,0.0
42,KNN,bo,0.7917615237461563,0.36628897538045013,0.31324452445893064,0.1284193992614746
42,RF,default,0.8680848972985694,0.29153494471191144,0.2346042545240922,0.08184170722961426
42,RF,bo,0.8265916920278138,0.3342553052909383,0.2612701958123392,8.782147407531738
42,GBR,default,0.9157657520868839,0.23296340754547445,0.17596068697281783,0.03413510322570801
42,GBR,bo,0.834749722259726,0.32629803454448464,0.2597233603842702,5.893711805343628
42,XGBoost,default,0.8809659016851903,0.2769357685075175,0.20806681420203343,0.10496377944946289
42,XGBoost,bo,0.8640406488952495,0.2959701416560778,0.23882959996410816,3.44622802734375
42,AdaBoost,default,0.8776915638773581,0.28071884308102585,0.21606828876179032,0.09800958633422852
42,AdaBoost,bo,0.8816598936858476,0.27612729363180244,0.20829824867534763,8.83226227760315
42,MLP,default,-0.2507324511315294,0.8976883061193887,0.5030176315206707,0.06361246109008789
42,MLP,bo,0.12120503780164704,0.7524664450563509,0.3704078788697111,11.498488903045654
43,TabPFN,zero-shot,0.6833066989851161,0.37696733465415144,0.2548130470561028,8.182852745056152
43,Ridge,default,-1.3098504864732217,1.018066659957525,0.6620237680938713,0.0
43,Ridge,bo,0.1865207040589223,0.6041677406312801,0.47691921135700827,0.07617545127868652
43,Lasso,default,-1.190110765187367,0.9913278800780948,0.6486039650887361,0.0020046234130859375
43,Lasso,bo,0.12952714749645367,0.62497392202044,0.5084716649876707,0.07108592987060547
43,ElasticNet,default,-1.2551127007961376,1.0059314953018048,0.6553857025004918,0.0
43,ElasticNet,bo,0.037863224293528064,0.6570564576637479,0.5194063085795432,0.07325053215026855
43,SVR,default,-0.11117826525694774,0.7061161578963762,0.5612216140726837,0.0
43,SVR,bo,-0.5854518808861082,0.8434528562588186,0.44418637479780876,0.19121098518371582
43,KNN,default,0.5761517041377651,0.4361034286981375,0.3202630004662231,0.0
43,KNN,bo,0.6285385903560876,0.4082640427138851,0.2867915338687042,0.11198067665100098
43,RF,default,0.7860903733989604,0.30981286313650197,0.23731552396010658,0.07803750038146973
43,RF,bo,0.7951705934898221,0.3031659582161487,0.2277115683076356,12.05422329902649
43,GBR,default,0.8068184560166138,0.29441985663080483,0.2462187610739679,0.047750234603881836
43,GBR,bo,0.7578473208873047,0.3296316616020147,0.2708549344793621,5.796117782592773
43,XGBoost,default,0.6916210490124383,0.3719860417197558,0.3109257782515895,0.09698486328125
43,XGBoost,bo,0.6521751186078595,0.3950614044606757,0.3234923563752253,3.4884073734283447
43,AdaBoost,default,0.6334683371190606,0.40554591303257825,0.2975964015064814,0.12024617195129395
43,AdaBoost,bo,0.6951501097292325,0.36985142982661573,0.26170299850167517,7.457526683807373
43,MLP,default,-3.0708020190679415,1.3515255837612765,0.8801865204131868,0.015891313552856445
43,MLP,bo,-1.4289139919923337,1.0439756010904955,0.6720775384661636,9.215213775634766
44,TabPFN,zero-shot,0.39902964762740845,0.4857699712006945,0.40883798093948975,7.656208753585815
44,Ridge,default,0.1463738595138534,0.5789459148057566,0.5029475035697746,0.0
44,Ridge,bo,0.16837150248443644,0.5714376120460378,0.4965360852320133,0.0631251335144043
44,Lasso,default,0.1365419142301333,0.582270477877128,0.5068384417564195,0.0
44,Lasso,bo,0.13723554237537594,0.5820365578170089,0.5101975631301369,0.07964062690734863
44,ElasticNet,default,0.13972712536289422,0.5811955166195715,0.5051056359538588,0.0
44,ElasticNet,bo,0.1542712372598407,0.5762616139950223,0.5022455922389153,0.08211684226989746
44,SVR,default,0.2801288916141744,0.5316569710326929,0.42276173377509396,0.0
44,SVR,bo,0.6492809040056258,0.37109392716948864,0.3145337225039444,0.11798238754272461
44,KNN,default,0.46508441253194743,0.45829673950372635,0.37674065601944395,0.0
44,KNN,bo,0.4570147977702327,0.46174067963241294,0.3883355981080017,0.1282062530517578
44,RF,default,0.26503358160020307,0.5372023314341818,0.4400572683836468,0.06901192665100098
44,RF,bo,0.3363882170720345,0.5104593758554179,0.4203355319301343,12.023887872695923
44,GBR,default,0.15269645779169005,0.5767978751155142,0.47514420164310484,0.03981637954711914
44,GBR,bo,0.3713319509854758,0.49683803458889125,0.39949486868397216,5.581126928329468
44,XGBoost,default,0.21762611419800537,0.554257162186464,0.45335465633076905,0.0910029411315918
44,XGBoost,bo,0.4189788715914563,0.47763935536852076,0.37924660932376203,2.753286361694336
44,AdaBoost,default,0.19883190216935853,0.5608748476474975,0.46355552386373294,0.0660550594329834
44,AdaBoost,bo,0.2762543380682744,0.5330858164357017,0.42855168042291686,8.749691247940063
44,MLP,default,0.2222271990125012,0.5526249856230177,0.4887910751389688,0.04085588455200195
44,MLP,bo,-2.0063129126650607,1.0864787384041223,0.8935166593326908,7.818677663803101
45,TabPFN,zero-shot,0.6911813178205168,0.3535761572749524,0.25224653434781136,8.226085424423218
45,Ridge,default,0.39101822931209484,0.4965160996295061,0.4677360793755014,0.0
45,Ridge,bo,0.329272318384213,0.5210798795394778,0.4918957360667078,0.07881426811218262
45,Lasso,default,0.3844991444608221,0.4991666011017861,0.47124686260076043,0.0
45,Lasso,bo,0.2691233829191678,0.5439427877108599,0.5057963694879848,0.06290292739868164
45,ElasticNet,default,0.38838291618221477,0.4975892539808167,0.46929570200834503,0.0
45,ElasticNet,bo,0.27558950214386513,0.541531291251017,0.5073244199297394,0.07947111129760742
45,SVR,default,0.5900054677896912,0.40739924636837205,0.29410884885341726,0.0
45,SVR,bo,0.6958774190287729,0.35087750209479057,0.2597245587084772,0.14414238929748535
45,KNN,default,0.7291309012664277,0.3311394477669041,0.2241134156601632,0.0
45,KNN,bo,0.5504307534065231,0.4266084823410869,0.3007875947112599,0.1266937255859375
45,RF,default,0.697334865125856,0.3500357375762956,0.22296953215083457,0.08054089546203613
45,RF,bo,0.6989221628458038,0.3491166668900618,0.22326647368702965,10.854165077209473
45,GBR,default,0.644393171271128,0.3794165187118135,0.2461428974530341,0.039910078048706055
45,GBR,bo,0.6470887822298825,0.37797573519337746,0.24091673759033125,6.238083600997925
45,XGBoost,default,0.5382931533943791,0.43232897793412595,0.24629577858441687,0.09433579444885254
45,XGBoost,bo,0.6017673507071482,0.4015130084140149,0.27346228980773407,3.113224744796753
45,AdaBoost,default,0.5723426614529304,0.41608221551795993,0.2761820793959062,0.12095808982849121
45,AdaBoost,bo,0.46614419496620796,0.46488247392763254,0.301100310933845,9.151649475097656
45,MLP,default,0.6755453961630424,0.36241666473575135,0.2645772710499704,0.048372745513916016
45,MLP,bo,0.5818573953154036,0.4114275778416583,0.29914103810070586,9.988640069961548
46,TabPFN,zero-shot,0.40297751060147935,0.400644595892624,0.2911208619228684,7.9972217082977295
46,Ridge,default,-0.4454916531765103,0.623407090785796,0.5033068265809585,0.0
46,Ridge,bo,-0.07197529168878258,0.5368541705370788,0.4558995193263417,0.06158185005187988
46,Lasso,default,-0.2832594288240817,0.5873827329541839,0.4888333366958019,0.0
46,Lasso,bo,-0.31463406904663604,0.5945198849707377,0.5093570049024675,0.0804433822631836
46,ElasticNet,default,-0.3883451395698534,0.6109598426250882,0.49701596927848063,0.0
46,ElasticNet,bo,-0.39265994422547856,0.6119084998611957,0.53815216748385,0.0797877311706543
46,SVR,default,-1.1429835630561431,0.7590552066542936,0.5729545451356081,0.0020062923431396484
46,SVR,bo,-0.11937239340169126,0.5485942351727944,0.42184010804482713,0.10969734191894531
46,KNN,default,0.22496860801972585,0.45648192990628406,0.3563839033662002,0.0
46,KNN,bo,0.18200011485423173,0.4689651441602106,0.36474308325711835,0.15752601623535156
46,RF,default,0.06924657309925542,0.5002432826600197,0.350915992424711,0.0785973072052002
46,RF,bo,0.12330195139677891,0.48549969740861737,0.33658237046965084,11.30331540107727
46,GBR,default,0.09601892634757891,0.4929962463274605,0.37237524649041537,0.031702518463134766
46,GBR,bo,0.013113689365422343,0.5151070644031708,0.39091236283729386,3.8635597229003906
46,XGBoost,default,-0.07612805847198034,0.5378930355124095,0.38544952047495706,0.08756709098815918
46,XGBoost,bo,0.25312041437561195,0.4481147488860457,0.3304723398429293,3.689081907272339
46,AdaBoost,default,0.020456828193443632,0.5131871040825802,0.3770556365106335,0.12478041648864746
46,AdaBoost,bo,0.03202851058570555,0.5101468701666296,0.36947802889305575,10.092562675476074
46,MLP,default,-2.8851440678148843,1.022039092185613,0.8860717011294711,0.003749847412109375
46,MLP,bo,0.22694591834189892,0.4558992548857661,0.3920287581524005,4.3977210521698
47,TabPFN,zero-shot,0.6295073576200246,0.3138714456969569,0.2747390297060823,8.400599718093872
47,Ridge,default,-0.008731202160437324,0.5179045675844851,0.41619818126464775,0.0
47,Ridge,bo,0.2326363295129319,0.4517130433320064,0.3949887378985651,0.06322979927062988
47,Lasso,default,0.02163118722813495,0.5100506602312699,0.41617045713621953,0.0
47,Lasso,bo,0.1586657796848533,0.47298382681935075,0.3939982124597072,0.0810396671295166
47,ElasticNet,default,0.002718661024867397,0.5149568745166908,0.4163080878350762,0.0020051002502441406
47,ElasticNet,bo,0.18166642441996272,0.46647373866296593,0.39598681999858404,0.07568597793579102
47,SVR,default,0.4334379981363248,0.3881376176385849,0.35241934630279265,0.0
47,SVR,bo,0.357364454202732,0.41337516931011303,0.32710657335818244,0.11206412315368652
47,KNN,default,0.007953273024952301,0.5136036224984437,0.3651655499510323,0.0
47,KNN,bo,0.39127575357427713,0.4023206407215425,0.2908945874593591,0.13160109519958496
47,RF,default,0.5772155616237928,0.33529070247555604,0.2759544659442792,0.07363414764404297
47,RF,bo,0.5036870423932454,0.3632786046645548,0.3012761335840367,6.356848478317261
47,GBR,default,0.5931156875753458,0.3289254570251332,0.2521282772044494,0.0315549373626709
47,GBR,bo,0.5585478702941351,0.3426129876847731,0.2980889876490389,5.337916612625122
47,XGBoost,default,0.5527379973263332,0.3448601525173873,0.26051061486422317,0.0926671028137207
47,XGBoost,bo,0.6090031896853593,0.32243978370430826,0.2324566488913641,2.997467517852783
47,AdaBoost,default,0.49308573865061356,0.36713794166180774,0.2916269649431219,0.12906932830810547
47,AdaBoost,bo,0.5441159495063863,0.34816828883355994,0.27991744333851026,7.764474630355835
47,MLP,default,-0.9247369190035883,0.7153979680175283,0.6043451352151105,0.037889719009399414
47,MLP,bo,0.05455950958047473,0.5013939771925171,0.4109460788339769,7.9046032428741455
48,TabPFN,zero-shot,0.827101949603688,0.33218098290323284,0.25433003624159267,8.297596454620361
48,Ridge,default,0.1383428361449479,0.741561150005724,0.5880699487476684,0.0
48,Ridge,bo,0.06225687099982935,0.7736092662557643,0.6020995020219978,0.07015037536621094
48,Lasso,default,0.20858421397595428,0.7106930559805548,0.5823343644484525,0.0
48,Lasso,bo,0.062323723057936764,0.7735816903174336,0.602084312722079,0.0767667293548584
48,ElasticNet,default,0.1558367411084155,0.73399472838412,0.5871959396094372,0.0
48,ElasticNet,bo,0.06222475122710358,0.7736225150550728,0.6021064667536814,0.07513260841369629
48,SVR,default,0.6635987024843166,0.46334934009600276,0.34543246917849135,0.0
48,SVR,bo,0.6049068407233409,0.5021453817956484,0.37825856700637145,0.12798738479614258
48,KNN,default,0.7369056540095564,0.4097655800379595,0.2909289887613246,0.0
48,KNN,bo,0.7643018237717794,0.3878446711447259,0.30661433368256136,0.13581418991088867
48,RF,default,0.8351115994310925,0.3243954621462522,0.27725911936947145,0.06906390190124512
48,RF,bo,0.8267555838616838,0.33251354462726845,0.2608137680474296,9.647064208984375
48,GBR,default,0.7787946162551468,0.3757314634701633,0.33918416946982816,0.04808998107910156
48,GBR,bo,0.8392886997157392,0.32026016655428313,0.26751608039142044,5.845554351806641
48,XGBoost,default,0.8087559922835483,0.3493603675558311,0.3128955275973512,0.08689403533935547
48,XGBoost,bo,0.7932149316035751,0.3632781737673282,0.2885472893885162,3.4491991996765137
48,AdaBoost,default,0.8532199501094969,0.30606469303712,0.2785634160731117,0.12439680099487305
48,AdaBoost,bo,0.8813312457885817,0.2751996703224316,0.24095349619803272,7.521854400634766
48,MLP,default,-0.9727634303801624,1.122062949144984,1.0182119918067423,0.02208399772644043
48,MLP,bo,-0.4155188795496092,0.9504681116576532,0.7919507147810746,4.029907464981079
49,TabPFN,zero-shot,0.6905089759186573,0.37782542346640424,0.2936953016142831,8.03952932357788
49,Ridge,default,0.47650334531947836,0.49138749942982934,0.4042925512115507,0.0
49,Ridge,bo,0.40290444945228554,0.5247942478706441,0.44033177839576293,0.07615160942077637
49,Lasso,default,0.46370083800071016,0.4973598323067393,0.4073018541080327,0.0020055770874023438
49,Lasso,bo,0.3112339577074943,0.5636415653987767,0.48374265587370413,0.06518030166625977
49,ElasticNet,default,0.4709304532719826,0.4939961120615714,0.4051925183343987,0.0
49,ElasticNet,bo,0.32043424944061316,0.5598644479012742,0.47773124513765586,0.08352994918823242
49,SVR,default,0.350902197158664,0.5471699247026277,0.4171023302399728,0.0
49,SVR,bo,0.6031656050073206,0.4278305591549585,0.3400071568668839,0.13885951042175293
49,KNN,default,0.5653330517112185,0.4477601689658882,0.3598648711474704,0.0
49,KNN,bo,0.6034371610969271,0.42768415063091214,0.3630039463547898,0.14079785346984863
49,RF,default,0.6610507830034185,0.395397998189055,0.30574404224865875,0.08312320709228516
49,RF,bo,0.7234976907942041,0.35712193829909894,0.27328695897800165,5.797371864318848
49,GBR,default,0.6521723308983547,0.40054306057700895,0.30575277125317685,0.04775094985961914
49,GBR,bo,0.5937877771403631,0.4328561998140441,0.35148506061077134,4.852052927017212
49,XGBoost,default,0.658457906469453,0.39690746470774274,0.2514187720241586,0.09662842750549316
49,XGBoost,bo,0.6413297627461033,0.4067380655474372,0.32879782035995087,2.8147733211517334
49,AdaBoost,default,0.6549108741472074,0.39896315162855295,0.3196243057299117,0.12624120712280273
49,AdaBoost,bo,0.645019043508845,0.40464080536930974,0.3260345356960685,7.8248419761657715
49,MLP,default,0.393154891725368,0.5290613995981863,0.38952294765930345,0.03358030319213867
49,MLP,bo,0.5752433346385828,0.4426263354369214,0.34114595965162714,4.928632736206055
