fold,model,R2,RMSE,MAE,time_s
0,TabPFN,0.8404894001334342,0.15512612654431,0.1303127241496826,9.346687078475952
0,Ridge,0.7831580230088501,0.18086804876427942,0.14691246727579632,0.011862516403198242
0,Lasso,0.793091546655829,0.1766767051331987,0.14259694172132775,0.0
0,ElasticNet,0.7882713694535843,0.17872280359903775,0.14478285422824733,0.0020062923431396484
0,SVR,0.7003810620536948,0.21260565131021475,0.1646026561538591,0.0
0,KNN,0.7041682195150485,0.2112577198082891,0.16202086357621032,0.0
0,RF,0.7822070258348371,0.1812642285740723,0.1359906766297942,0.08152890205383301
0,GBR,0.7365662612201938,0.1993544213780002,0.15668659952357666,0.03220987319946289
0,XGBoost,0.8223041065142709,0.16373022928900596,0.13009598466450484,0.09769177436828613
0,AdaBoost,0.7453024347737036,0.19602098670423873,0.15511393434451087,0.08627653121948242
0,MLP,0.45682678877699734,0.2862591291118527,0.21283075082802805,0.32347798347473145
1,TabPFN,0.7987209272928381,0.23341126998078673,0.19956695779528583,10.34525203704834
1,Ridge,0.7764011319116522,0.2460125771061193,0.2007022888779118,0.0
1,Lasso,0.7729958078049768,0.24787883645863212,0.20367192780354998,0.0
1,ElasticNet,0.7760708484585013,0.24619420570913214,0.20071765409270861,0.0
1,SVR,0.7192597265248023,0.27566070938305115,0.2327936485163524,0.0069391727447509766
1,KNN,0.7324331572760534,0.26911546590293484,0.2216864460864102,0.0
1,RF,0.7943487204339719,0.23593274365672887,0.21039656443435092,0.09909605979919434
1,GBR,0.7850434465612135,0.24121141434456855,0.20577458842169813,0.04294610023498535
1,XGBoost,0.7729298381956724,0.2479148518334234,0.20911109833345415,0.1385056972503662
1,AdaBoost,0.7376566233948798,0.2664756695660918,0.23042294655920761,0.1505262851715088
1,MLP,-0.2902263802248668,0.5909564386374462,0.498832413319015,0.047921180725097656
2,TabPFN,0.8270308137460021,0.20827532652974146,0.1670322692690987,9.485013484954834
2,Ridge,0.6863207332160515,0.2804764229153147,0.2260100731993759,0.0031669139862060547
2,Lasso,0.6924733985380226,0.2777120966653738,0.22551418352087893,0.0005314350128173828
2,ElasticNet,0.6865245699866054,0.28038527774699074,0.226394274531804,0.0005426406860351562
2,SVR,0.730369124332409,0.2600388663042575,0.1978030479771129,0.0010085105895996094
2,KNN,0.7860604927277477,0.2316322087848687,0.18803934858705032,0.0
2,RF,0.8606110127490103,0.18696817299141977,0.13878669198937701,0.07970356941223145
2,GBR,0.8546272308699644,0.19093914981732188,0.13930851343529296,0.03802895545959473
2,XGBoost,0.8928820907551084,0.1639020919184531,0.11988622793377683,0.12191629409790039
2,AdaBoost,0.8542165146230939,0.19120868619273393,0.14465180784717527,0.12375545501708984
2,MLP,-0.09745055266542768,0.5246213173804548,0.3405304245943113,0.07921552658081055
3,TabPFN,0.9201319870654476,0.11308932465876351,0.09533909318627742,11.132842063903809
3,Ridge,0.8728028465377836,0.14271639500810654,0.10715562915129422,0.004628658294677734
3,Lasso,0.8697589874986904,0.1444139186541667,0.10723020779741803,0.0
3,ElasticNet,0.8717349233470062,0.1433142526567505,0.1072283506608653,0.0024900436401367188
3,SVR,0.7928361844189011,0.1821344595727436,0.14504025832885648,0.001188039779663086
3,KNN,0.9143863064078379,0.11708649021724754,0.0892939663886962,0.0008897781372070312
3,RF,0.791741721883495,0.18261494105480497,0.13617379617747835,0.0952763557434082
3,GBR,0.6838963083584766,0.22498313011962426,0.16749887355004367,0.051630258560180664
3,XGBoost,0.7691507708423494,0.19226462496136792,0.1535379294722751,0.12584710121154785
3,AdaBoost,0.7911705308438695,0.18286519904059878,0.1381337447873573,0.16605377197265625
3,MLP,0.6956976832717372,0.220743436939205,0.1732743553269298,0.1373589038848877
4,TabPFN,0.6474108548254334,0.20766495637120438,0.18229662645148947,10.874199390411377
4,Ridge,0.47915223820846675,0.2523969760260316,0.22400398844708289,0.0029985904693603516
4,Lasso,0.47497232148249946,0.2534077225646217,0.2251151261440468,0.002006053924560547
4,ElasticNet,0.4761650936402928,0.253119709615019,0.22467853525326828,0.0010097026824951172
4,SVR,0.6148988153719155,0.21702820251513577,0.19270346016076145,0.00098419189453125
4,KNN,0.5514959762855398,0.2342134967326736,0.19153334430103522,0.0020029544830322266
4,RF,0.7781924645850583,0.16470883459035743,0.14121793071869235,0.10003161430358887
4,GBR,0.7573738214925355,0.17226520890328004,0.13590275960703482,0.04279971122741699
4,XGBoost,0.7765505111715459,0.16531734768425063,0.11297613066112,0.14698433876037598
4,AdaBoost,0.7406817431243725,0.1780923616348012,0.1485517784370106,0.1500236988067627
4,MLP,0.6106238074432068,0.2182294927832896,0.17289385546629563,0.23941421508789062
5,TabPFN,0.7817005592980995,0.1879767711363474,0.15833835367771584,11.22040319442749
5,Ridge,0.7421485846320673,0.20429730318413705,0.17144866915945273,0.013742685317993164
5,Lasso,0.7380051932650042,0.20593217924913146,0.17335392219412038,0.0
5,ElasticNet,0.7399201788210364,0.2051781940592593,0.1720148797970406,0.0
5,SVR,0.7327855817275493,0.20797341251185966,0.16783708230824204,0.0
5,KNN,0.5664362387613442,0.26491366534189426,0.21691290412177675,0.0
5,RF,0.6846046240754915,0.2259464565725411,0.1764038257736986,0.08860158920288086
5,GBR,0.6870995622005278,0.22505100639140807,0.1751656028445402,0.03754234313964844
5,XGBoost,0.6297650821536622,0.24480290203780472,0.1865045848044008,0.12210559844970703
5,AdaBoost,0.6671693836683759,0.23210767888561604,0.18573907973692644,0.13587403297424316
5,MLP,0.6938863235990068,0.22259696599610893,0.18677733913124592,0.13264727592468262
6,TabPFN,0.8108795456189771,0.20622646692618374,0.15906662838881672,11.09760069847107
6,Ridge,0.7870595290880906,0.2188286873645293,0.17493257439683824,0.0030019283294677734
6,Lasso,0.7883405548684983,0.218169470112633,0.17657765989164315,0.00109100341796875
6,ElasticNet,0.7889147454249636,0.21787334365436326,0.17507105991967004,0.0019989013671875
6,SVR,0.7219770516285713,0.250043444242153,0.19691516814705998,0.0009951591491699219
6,KNN,0.6670872514690066,0.2736152904007655,0.2060022347860215,0.002004861831665039
6,RF,0.8845737194446641,0.16111185605213357,0.12152551959707204,0.12624001502990723
6,GBR,0.9032662939610278,0.14749050530415042,0.11236449720185518,0.04912447929382324
6,XGBoost,0.8944220286773296,0.1540855122795475,0.11631213766525621,0.14472651481628418
6,AdaBoost,0.8985698147196834,0.15102844802337234,0.11568268453444167,0.16113972663879395
6,MLP,0.5321540403739027,0.32435947722466885,0.2459219519599425,0.2725100517272949
7,TabPFN,0.6256299892599033,0.21383186812202348,0.1777660041856161,10.277082681655884
7,Ridge,0.5218581835226369,0.24165749413128065,0.19280004569122788,0.002340078353881836
7,Lasso,0.5444252098974918,0.23588577193529178,0.1893871219384985,0.0009992122650146484
7,ElasticNet,0.5310640469544461,0.23931982123066634,0.19141777452541844,0.0009999275207519531
7,SVR,0.3142193440129034,0.2894106572583838,0.21748885419068018,0.0010004043579101562
7,KNN,0.5805387847480022,0.22634338657753802,0.17793539219868088,0.00099945068359375
7,RF,0.5370665069350105,0.23778322099382584,0.21118509051633216,0.082427978515625
7,GBR,0.4907299601671361,0.24939972367941374,0.21779296513481686,0.038335561752319336
7,XGBoost,0.4990773620956509,0.24734733396089303,0.21299587655398727,0.11605429649353027
7,AdaBoost,0.5741683171910581,0.228055678027105,0.19550095481280597,0.14319181442260742
7,MLP,-0.12755047395695063,0.37109909917733863,0.23979689640283947,0.11938190460205078
8,TabPFN,0.7716871164064749,0.18401413592583404,0.15918589993984958,10.91533088684082
8,Ridge,0.7267640886025972,0.20130514097106902,0.1652018405935086,0.0031321048736572266
8,Lasso,0.7293878774827314,0.20033627802092674,0.1648707605637327,0.0011591911315917969
8,ElasticNet,0.7292010143582679,0.2004054342033089,0.1646745281400436,0.0
8,SVR,0.7366059484628324,0.19764642278395203,0.18331228121781099,0.0009965896606445312
8,KNN,0.6232735005195398,0.23637365037931032,0.1778316688895887,0.0016825199127197266
8,RF,0.863364354846553,0.14235344541984943,0.11769552660128828,0.09196352958679199
8,GBR,0.7991456250571003,0.17259437000190644,0.1488523276207001,0.038607120513916016
8,XGBoost,0.7614207802261577,0.18810584218966062,0.16447120122815542,0.15334057807922363
8,AdaBoost,0.8666789114101314,0.1406162146385613,0.11026913388590132,0.15207552909851074
8,MLP,0.41063608154537456,0.2956499087157443,0.22399245681466515,0.1429457664489746
9,TabPFN,0.8468767640721451,0.19668093703824346,0.1650321804008631,10.00935983657837
9,Ridge,0.8092911065239721,0.21949629435547421,0.1707734497696536,0.0
9,Lasso,0.8008702025803505,0.22428996619201327,0.17545777687720285,0.0
9,ElasticNet,0.8044462562462055,0.22226689717959103,0.173680484665842,0.0
9,SVR,0.7615265893498862,0.24544924526956818,0.20596957774408473,0.0
9,KNN,0.791466794567363,0.22952464745314227,0.17332597954719767,0.0
9,RF,0.7865610541786645,0.23220873530240516,0.20125188521068485,0.09499430656433105
9,GBR,0.7333623101769129,0.2595389172239233,0.2158379200110687,0.03979659080505371
9,XGBoost,0.7615175935771901,0.24545387468462637,0.2227014117797531,0.11787176132202148
9,AdaBoost,0.7230238197007736,0.2645226899224698,0.23169498730476248,0.1097249984741211
9,MLP,0.7222111009598489,0.26491049416399653,0.2186434160636643,0.14405274391174316
10,TabPFN,0.855876525607294,0.17086369642614424,0.13966719139093162,11.452507257461548
10,Ridge,0.8740220985790091,0.15974586330635387,0.12368147727222836,0.003044605255126953
10,Lasso,0.8815238146707165,0.15491660369748472,0.1214162441096461,0.0011224746704101562
10,ElasticNet,0.8784599672526647,0.15690692469086348,0.12215067298275512,0.0010342597961425781
10,SVR,0.6160955493716966,0.27886499970257456,0.22106449671949827,0.0009987354278564453
10,KNN,0.827645102670145,0.18685049384089455,0.14967842112071625,0.0
10,RF,0.8372796328843166,0.1815529849722364,0.15982841928603525,0.0844426155090332
10,GBR,0.8765475094376598,0.15813658794472926,0.13655327786242433,0.04057955741882324
10,XGBoost,0.8365851424328637,0.18194000648787517,0.14968788037024877,0.12883567810058594
10,AdaBoost,0.8044965375146151,0.19900301795472403,0.1797377404909963,0.13438153266906738
10,MLP,0.6203089738923535,0.27733047941031674,0.19762868815054419,0.1260061264038086
11,TabPFN,0.6924014940215347,0.2222650719702766,0.19322045536048016,10.683110237121582
11,Ridge,0.6893403010683092,0.22336831502804158,0.18560576810440502,0.005022525787353516
11,Lasso,0.7007426090081128,0.2192307917338996,0.18227757267648048,0.0
11,ElasticNet,0.6952815456716892,0.22122208845407318,0.18400215986518628,0.0
11,SVR,0.6218931756863828,0.24642590918316915,0.20739641458668798,0.005263805389404297
11,KNN,0.5227912111461521,0.2768428594992898,0.23694925043502083,0.0
11,RF,0.6028251286440567,0.25256315343134517,0.21233872219413436,0.08325362205505371
11,GBR,0.543205102391722,0.2708567928119141,0.227220450353788,0.035524606704711914
11,XGBoost,0.7213958476429528,0.2115304542802334,0.17959814079225275,0.12633562088012695
11,AdaBoost,0.5645599710967899,0.26444982544379764,0.21978158395431763,0.13695144653320312
11,MLP,0.7051568801742494,0.2176078753146029,0.19239484740125157,0.24190092086791992
12,TabPFN,0.888909905635943,0.1666092983170573,0.13861096644558688,9.97851848602295
12,Ridge,0.7600069073758237,0.24488429776678408,0.20862846459205744,0.0
12,Lasso,0.7614670231991354,0.24413822432371957,0.21145271679244476,0.0
12,ElasticNet,0.7655023929574083,0.24206431747852042,0.20827749515499722,0.0
12,SVR,0.8245924446193893,0.20935614629219457,0.17664003931021263,0.0
12,KNN,0.7153516704685788,0.2666956224591487,0.19872139214204457,0.0
12,RF,0.8759010537224083,0.1760944281107127,0.13488680976181788,0.09026956558227539
12,GBR,0.8825392563653955,0.17131995060110541,0.12548500823709663,0.0851750373840332
12,XGBoost,0.8844026246866717,0.16995562939536013,0.1307486315707355,0.19700336456298828
12,AdaBoost,0.8372845754793786,0.20163964738459597,0.15994734468700558,0.13494610786437988
12,MLP,0.6880281456318635,0.2792024820123684,0.20677516826487682,0.7232306003570557
13,TabPFN,0.6344940806276889,0.23353073016892278,0.18636305137572065,10.812543392181396
13,Ridge,0.5219457695953691,0.2670763379325585,0.2105025676886135,0.003603696823120117
13,Lasso,0.522830334786321,0.26682913186011253,0.21268109431959104,0.0009999275207519531
13,ElasticNet,0.5217833194298818,0.26712171239773846,0.21136019532757136,0.0
13,SVR,0.6892587286061016,0.21532591382126426,0.17611036101070812,0.000990152359008789
13,KNN,0.504417020155113,0.2719286841582135,0.21309593414578332,0.001190185546875
13,RF,0.6168662992724225,0.23909583293004805,0.2005183473481332,0.0862588882446289
13,GBR,0.6177629707191254,0.23881588367110573,0.20395389408577294,0.03754711151123047
13,XGBoost,0.6218207810576332,0.23754487232291635,0.19534141263568616,0.11986660957336426
13,AdaBoost,0.5633408545366616,0.2552513866704592,0.21297419229891826,0.13884663581848145
13,MLP,0.3533618255688976,0.31061862985546856,0.2417221900434742,0.11939597129821777
14,TabPFN,0.8203911075174886,0.18897427995919486,0.14996887742865897,9.470905065536499
14,Ridge,0.8142231324895932,0.19219168733398986,0.14724299222295312,0.002237081527709961
14,Lasso,0.8110711310160061,0.1938152492905514,0.14802472915522444,0.00099945068359375
14,ElasticNet,0.8131499623819616,0.1927460011415946,0.14774508406409714,0.0009551048278808594
14,SVR,0.8030633303395133,0.19788007965006532,0.16947267680797176,0.0011837482452392578
14,KNN,0.8391443372753307,0.17883682828639103,0.13969809926626764,0.0009996891021728516
14,RF,0.8435130760270838,0.17639156307432333,0.1429138564012937,0.0823068618774414
14,GBR,0.8288820885198924,0.1844533372947284,0.14651182467663448,0.038437843322753906
14,XGBoost,0.9027300249828674,0.13906831222634564,0.1141093622101722,0.10738897323608398
14,AdaBoost,0.8601315075003452,0.166762627353147,0.1291318004703245,0.11023807525634766
14,MLP,0.69045973251004,0.24808320193418412,0.18429522298191373,0.21577095985412598
15,TabPFN,0.8800929247087237,0.16362472699530856,0.14471132078591104,10.18440866470337
15,Ridge,0.8236283226381977,0.1984453617144696,0.14827764549833755,0.004000425338745117
15,Lasso,0.8245042258128997,0.19795198525835725,0.14733504394303545,0.0
15,ElasticNet,0.8243542428329337,0.19803655449701252,0.14790317194248695,0.0009999275207519531
15,SVR,0.6364200085123219,0.284922349877513,0.2193836815451745,0.0010068416595458984
15,KNN,0.752896427778095,0.23489081880966295,0.1733508500553233,0.000997781753540039
15,RF,0.8895564063928418,0.1570351213823914,0.13196515309764736,0.08046913146972656
15,GBR,0.8696211158322492,0.17062008731172293,0.13928984529777175,0.03800034523010254
15,XGBoost,0.8714634235470933,0.1694103322181848,0.13292163943440283,0.11540436744689941
15,AdaBoost,0.8841201644975315,0.16085348141499553,0.13684907623535217,0.13927555084228516
15,MLP,0.5647724916975116,0.31173437768132123,0.2307012081893534,0.3693525791168213
16,TabPFN,0.733338387708586,0.24469750215571215,0.19614649986605073,9.859117269515991
16,Ridge,0.694599060216079,0.2618692295125431,0.22957368237597933,0.0
16,Lasso,0.6946126181285425,0.26186341676111874,0.22777306604837266,0.0
16,ElasticNet,0.6946023562272077,0.2618678164091254,0.22853518542645143,0.0
16,SVR,0.7237991335298857,0.24903581194579294,0.20679214729483866,0.015897512435913086
16,KNN,0.7621494620170666,0.2311007499772083,0.18937367082463974,0.0
16,RF,0.7664579342882678,0.22899808179316491,0.19554195959274415,0.07885122299194336
16,GBR,0.7594529344528347,0.23240706036119305,0.19557718005079233,0.04735088348388672
16,XGBoost,0.7719845521036731,0.2262723156567469,0.18925258255548952,0.14227533340454102
16,AdaBoost,0.7086768759079092,0.25576243919780284,0.2175570439227843,0.16068601608276367
16,MLP,0.5392156206976833,0.3216608163587361,0.2592095389678418,0.15201306343078613
17,TabPFN,0.8972145551804348,0.16437652121670066,0.14916462629028526,10.426955699920654
17,Ridge,0.8300883749312182,0.2113418583797942,0.1808126603545184,0.0021905899047851562
17,Lasso,0.8330809157684057,0.20947247874044608,0.1808528471555454,0.0009999275207519531
17,ElasticNet,0.834940371137503,0.2083024640336252,0.1793475716751782,0.0013360977172851562
17,SVR,0.844309820362114,0.2023040536685277,0.1671933959994963,0.0010726451873779297
17,KNN,0.8863940962760102,0.1728122105518631,0.1553122982265565,0.0011737346649169922
17,RF,0.9317825839379906,0.13391265103933245,0.12589916609049648,0.08108997344970703
17,GBR,0.9080304772491552,0.1554876649635146,0.14093140870971815,0.03712940216064453
17,XGBoost,0.925819742867006,0.1396426694648137,0.12134587492433403,0.12521076202392578
17,AdaBoost,0.9047133024611105,0.1582669061964639,0.13777304952004948,0.13898038864135742
17,MLP,0.7500977119845098,0.2563061879286514,0.203011382309231,0.21785831451416016
18,TabPFN,0.7841601133210557,0.1720533750966015,0.13374451967949805,9.063594818115234
18,Ridge,0.7784275944055801,0.17432319644155417,0.14011843139567584,0.010809898376464844
18,Lasso,0.7854161059473734,0.17155204731810886,0.13917142547677483,0.0
18,ElasticNet,0.7834132010569148,0.1723508126878679,0.13898256601389017,0.0020055770874023438
18,SVR,0.6572208098095572,0.2168226102672045,0.188906968541366,0.0
18,KNN,0.6513047075832814,0.21868570059447712,0.17180962125095933,0.0
18,RF,0.7989646624369906,0.16604796061154667,0.12765645580525253,0.08131170272827148
18,GBR,0.7885993254611042,0.17027485871987155,0.12847954192413735,0.03178739547729492
18,XGBoost,0.7081032917468424,0.20008380738461057,0.14867981747133766,0.11906218528747559
18,AdaBoost,0.8238043908784778,0.15545148851061813,0.10800614610816779,0.1327202320098877
18,MLP,0.6713941532624632,0.2122926642560939,0.17015799071989066,0.11131525039672852
19,TabPFN,0.50094879949535,0.2241600082714234,0.19301312330002918,9.004934787750244
19,Ridge,0.427159524809805,0.2401609704453899,0.19834697198393994,0.0
19,Lasso,0.44491606283795126,0.23640949302693176,0.19572282197492516,0.0
19,ElasticNet,0.4367517775043389,0.23814172577449444,0.1971211402112222,0.0
19,SVR,0.3944609049441843,0.24692023144941794,0.19664179806888016,0.0
19,KNN,0.10945938336159577,0.29944181578158785,0.23883411056776463,0.0
19,RF,0.36623317246760134,0.2526098805546521,0.20775050050448193,0.07761454582214355
19,GBR,0.29502054310399195,0.26642428721898426,0.23156586911590063,0.04755425453186035
19,XGBoost,0.23668879317219382,0.27722755898708745,0.24135193390285306,0.11185908317565918
19,AdaBoost,0.40939749452320173,0.24385587557709112,0.20518797168963843,0.12438583374023438
19,MLP,0.4734511549000431,0.2302527966894802,0.1843783269089303,0.12817788124084473
20,TabPFN,0.8318888123346727,0.1729300110439769,0.14972738007526395,8.7501380443573
20,Ridge,0.8494617775708325,0.16364225399479668,0.13675531582440112,0.010080337524414062
20,Lasso,0.8516936763719468,0.16242463357422782,0.1357170601389482,0.002006053924560547
20,ElasticNet,0.8513338219352253,0.16262156992479737,0.13596874789772156,0.0
20,SVR,0.7081182853209578,0.22786388909248176,0.20777206117818278,0.002004384994506836
20,KNN,0.811063082174847,0.18332870648753477,0.14536641871283118,0.0
20,RF,0.8635815338265622,0.15577890333900574,0.14029536249813818,0.08218216896057129
20,GBR,0.7731813878566755,0.2008683006359678,0.17341200128502565,0.029701948165893555
20,XGBoost,0.7547427052907085,0.20887334788019876,0.18028566255423997,0.10765337944030762
20,AdaBoost,0.876606600856827,0.14815558410301016,0.13139217237779294,0.12860393524169922
20,MLP,0.8469645435067943,0.16499397770078889,0.15310073728898005,0.18117785453796387
21,TabPFN,0.8151481906783591,0.20472478866946028,0.1791481357680454,8.952975511550903
21,Ridge,0.7910591872038274,0.21765578694331983,0.18684609246661218,0.0
21,Lasso,0.7821978160988059,0.2222233517277622,0.19346108371677403,0.010411500930786133
21,ElasticNet,0.7862140134472771,0.22016495747451945,0.190666252432234,0.0
21,SVR,0.7294796455913132,0.2476615304972403,0.2204747080773443,0.0020051002502441406
21,KNN,0.798724011741423,0.2136262231867956,0.18688225641471348,0.0
21,RF,0.7947984128614125,0.21569939964977633,0.18734446182264897,0.07975625991821289
21,GBR,0.7345640233257043,0.2453231155849883,0.20561386478476146,0.03495955467224121
21,XGBoost,0.7595270053603247,0.23350260739408074,0.1857634037084412,0.11284017562866211
21,AdaBoost,0.7579399683220813,0.23427185775507897,0.20998951059497825,0.12651395797729492
21,MLP,0.7428537695091619,0.24146192563940738,0.20091507080272236,0.12463974952697754
22,TabPFN,0.9063502932541001,0.12233054163396588,0.10033437796865682,9.122515201568604
22,Ridge,0.8461558622203467,0.1567913732282542,0.10885584405523512,0.0
22,Lasso,0.8436553469176467,0.15806044646233375,0.10804321968276961,0.009721994400024414
22,ElasticNet,0.8455202174822805,0.1571149503198942,0.10685448625092836,0.0
22,SVR,0.8441400119151152,0.15781526434037557,0.13867022242708338,0.002006053924560547
22,KNN,0.8380282189488975,0.16087974403829142,0.13300552454699835,0.0
22,RF,0.7816410332375415,0.18679584126132626,0.14339689853018675,0.06777334213256836
22,GBR,0.7909740118850165,0.18276028654793477,0.1300164279515097,0.04751157760620117
22,XGBoost,0.7931501568105502,0.1818064495804239,0.12236614799323692,0.11825251579284668
22,AdaBoost,0.7992949939374185,0.17908565110606012,0.12777126145351062,0.06310153007507324
22,MLP,0.6724603009157397,0.2287776847582293,0.15615446440709338,0.08932733535766602
23,TabPFN,0.7583306188091397,0.2411753136776493,0.1992245331594552,9.234174966812134
23,Ridge,0.6531525189029224,0.2889291164269679,0.24974056557273872,0.010794878005981445
23,Lasso,0.6625941272434364,0.2849694838423979,0.25009304746074756,0.0
23,ElasticNet,0.6582747902301318,0.2867877167857728,0.249910216171919,0.0020058155059814453
23,SVR,0.5677612575539903,0.3225402234812481,0.24458198753182245,0.0
23,KNN,0.7438837166281627,0.24827936873613018,0.19174266009076432,0.0020051002502441406
23,RF,0.7945129418428907,0.22238949791747947,0.17711821426469201,0.06425261497497559
23,GBR,0.8107056540398542,0.213447394638322,0.16098357198841606,0.03200411796569824
23,XGBoost,0.8297317101653856,0.20243654848464002,0.15280729347945401,0.11695528030395508
23,AdaBoost,0.8010477131455074,0.21882478214979778,0.1654305974040161,0.07370185852050781
23,MLP,0.4534051128133476,0.3627060665244639,0.3038778793200218,0.12267303466796875
24,TabPFN,0.6851586585796878,0.22156992604183173,0.1850511496266791,8.721883535385132
24,Ridge,0.5858139322820337,0.25413394531906963,0.2098922259521173,0.010445833206176758
24,Lasso,0.596698309838074,0.2507725272411416,0.20665113705146906,0.0
24,ElasticNet,0.5922451906985654,0.25215319865923835,0.2079118330877081,0.0
24,SVR,0.5158764100282519,0.2747533891361708,0.2294989081187532,0.0020058155059814453
24,KNN,0.39456880046780396,0.30725385072294137,0.24558966752563272,0.0020051002502441406
24,RF,0.7124191612939021,0.21176047802646475,0.16980497322714225,0.08008265495300293
24,GBR,0.7100658057016669,0.21262516067985282,0.17243091544967504,0.0391695499420166
24,XGBoost,0.7472609918370801,0.1985185407197504,0.15961694110599559,0.12452363967895508
24,AdaBoost,0.7468438344476994,0.1986823051760142,0.15444512994177428,0.13698530197143555
24,MLP,0.37812148490200614,0.31139935747672215,0.2087573867153546,0.16954421997070312
25,TabPFN,0.4393020249126902,0.24109971228379778,0.194647446196978,9.092378377914429
25,Ridge,0.4404016501024789,0.2408631772485112,0.20166178142353366,0.010110139846801758
25,Lasso,0.4507276689269538,0.23863055951353726,0.20269496195707457,0.0
25,ElasticNet,0.444763978973147,0.23992252031677283,0.20255118615211237,0.0020058155059814453
25,SVR,0.48396840266603147,0.23129718419757656,0.19443395862108423,0.0
25,KNN,0.47870479030739255,0.23247382714352216,0.17681630022727152,0.0020051002502441406
25,RF,0.46002287840306433,0.23660279900805817,0.1922223072609667,0.08334183692932129
25,GBR,0.3830711847451659,0.2529005221750788,0.19218221827734194,0.02936077117919922
25,XGBoost,0.5564203314999958,0.21444603180002886,0.16653317386694283,0.1123805046081543
25,AdaBoost,0.4521380372281667,0.2383239963751764,0.19761941699114324,0.1249079704284668
25,MLP,0.3637250604184439,0.2568352370709866,0.1809983416794709,0.1116640567779541
26,TabPFN,0.807023296456813,0.2021244267644561,0.1706546046567347,8.973034143447876
26,Ridge,0.7705924212157992,0.22037901628740994,0.16700139695705365,0.0
26,Lasso,0.7811427320336701,0.21525182698356674,0.16271169886913103,0.012117147445678711
26,ElasticNet,0.7764077414236885,0.21756786046821297,0.1645338268022892,0.0
26,SVR,0.6167928868371205,0.28482830176716045,0.20487661414025782,0.0021517276763916016
26,KNN,0.7029334243214201,0.2507802058653314,0.19270699256669682,0.0017478466033935547
26,RF,0.7935538817908205,0.20905940987493554,0.17120742973118994,0.08064866065979004
26,GBR,0.7228620166118677,0.24222244619898942,0.19727302035894445,0.032295942306518555
26,XGBoost,0.7842960103342702,0.21369553521743997,0.1717409863572508,0.11172199249267578
26,AdaBoost,0.7765875351055653,0.2174803681869456,0.17238408220959034,0.12518882751464844
26,MLP,0.5122198718036951,0.32135007918392816,0.2522821711297648,0.1654069423675537
27,TabPFN,0.8954597087872023,0.15474357350731996,0.13462331860519386,8.709241390228271
27,Ridge,0.8600851228691098,0.17902047980353664,0.1415345102292854,0.009494781494140625
27,Lasso,0.8527826215682639,0.18363282225676344,0.14910976932762268,0.0020062923431396484
27,ElasticNet,0.8575044798104772,0.1806638972866412,0.14473423603374871,0.0
27,SVR,0.8320668660361927,0.19612771360088296,0.16613326587847854,0.002004861831665039
27,KNN,0.8627888641597891,0.17728232911222552,0.15474264867940973,0.0
27,RF,0.8451348190294239,0.1883422096259886,0.14620468088432675,0.08153247833251953
27,GBR,0.8609862761300373,0.1784430376662585,0.14359359290594662,0.03257465362548828
27,XGBoost,0.8739324291467686,0.16993094062837527,0.13511059259455396,0.11492753028869629
27,AdaBoost,0.7841943496161277,0.2223321024361919,0.18299437078760214,0.12037825584411621
27,MLP,0.8566157652194586,0.18122640295837378,0.15013313818790586,0.11114954948425293
28,TabPFN,0.9055537333199446,0.1339647263249913,0.12012581008745538,8.717512369155884
28,Ridge,0.8015322986096702,0.19419720872405558,0.16598540696407274,0.009256362915039062
28,Lasso,0.7986792211036968,0.19558807142969675,0.16949154003279718,0.0
28,ElasticNet,0.799956294036213,0.19496673066883227,0.16754532561911803,0.0
28,SVR,0.8251503385860808,0.1822764078336163,0.15276359213150237,0.002005338668823242
28,KNN,0.8140509515388064,0.187972814264569,0.16042308212135714,0.0
28,RF,0.9187250799345054,0.12427287307238316,0.09566298828084163,0.0662527084350586
28,GBR,0.887417949690047,0.14626238141187567,0.10515680998020623,0.047907352447509766
28,XGBoost,0.9222694049241882,0.12153295556887904,0.08690515300952624,0.11424922943115234
28,AdaBoost,0.8961005087115642,0.14050920417504298,0.11521389969819414,0.13770151138305664
28,MLP,0.7933727229694589,0.19814900217188106,0.1627464752067738,0.1427011489868164
29,TabPFN,0.8207829307964615,0.20221250657227605,0.16701830320860478,8.891377687454224
29,Ridge,0.7648214256103614,0.2316419455451743,0.18776683068002065,0.010655641555786133
29,Lasso,0.7676826500239511,0.23022853485939604,0.18525498533057808,0.0
29,ElasticNet,0.7673452800105031,0.23039564253683886,0.18561912391988009,0.002005338668823242
29,SVR,0.6720512034114449,0.27354031831707826,0.24736765213563475,0.0
29,KNN,0.6806227721448124,0.26994190018209707,0.20305005400768159,0.0020046234130859375
29,RF,0.792336054478745,0.2176701506069941,0.1880453492512675,0.0807654857635498
29,GBR,0.7829887178257107,0.2225150978738799,0.19969893088668877,0.031969308853149414
29,XGBoost,0.7350780097223228,0.24585403008997164,0.21332605479387431,0.11004400253295898
29,AdaBoost,0.8278773833381106,0.1981697205903522,0.1718860983547437,0.12652993202209473
29,MLP,0.6595592391669085,0.27870136988931815,0.21492886933969022,0.3181941509246826
30,TabPFN,0.8863657929083307,0.17409900171121215,0.14717611356041493,9.095659971237183
30,Ridge,0.8444763188383768,0.20367606765260218,0.16850549996069747,0.010597944259643555
30,Lasso,0.8346745673328795,0.20999626570718968,0.1745506973301249,0.0
30,ElasticNet,0.8405477722268943,0.20623246540506018,0.1709451172216603,0.0020058155059814453
30,SVR,0.8578313186962161,0.19473486125043477,0.16074821091512528,0.0
30,KNN,0.8342972351491722,0.21023577268183052,0.17661659935012863,0.0020051002502441406
30,RF,0.7933232446927464,0.2347943031252085,0.20081830330278727,0.06537532806396484
30,GBR,0.7620522444180785,0.2519315416548729,0.2008687126463225,0.05002021789550781
30,XGBoost,0.7290956291329171,0.2688126758417898,0.21863055398527964,0.1065819263458252
30,AdaBoost,0.7820811221219414,0.24109553355941576,0.2022469558182602,0.12876224517822266
30,MLP,0.7307172079854714,0.2680069390933869,0.22846198012073643,0.14333534240722656
31,TabPFN,0.8228419740576736,0.15169350194312145,0.11647352089974373,8.609171628952026
31,Ridge,0.7793374364820885,0.169297634838919,0.13537103169656917,0.01142573356628418
31,Lasso,0.7733548628251123,0.17157727417244095,0.13727926181903438,0.0
31,ElasticNet,0.7734142447367767,0.17155479574180857,0.13727229334362054,0.002006053924560547
31,SVR,0.6671986622942792,0.2079117782431252,0.17344419535071537,0.0
31,KNN,0.7723218437494654,0.17196784309473562,0.12569767009809224,0.0020055770874023438
31,RF,0.7414750246858821,0.18324739685083896,0.1460182475141078,0.07957577705383301
31,GBR,0.5592753404790307,0.23926007620266612,0.18437024734714477,0.031678199768066406
31,XGBoost,0.6521319491952485,0.21256601611336298,0.15360248181816083,0.1104896068572998
31,AdaBoost,0.7711330461192039,0.17241621461004095,0.13436435413173847,0.10994601249694824
31,MLP,0.7262856641993107,0.18855381910929775,0.16442057390093207,0.20736289024353027
32,TabPFN,0.7696845735306659,0.18132768601499547,0.1559768583232196,9.336213111877441
32,Ridge,0.7866014905212451,0.17454133617211687,0.14636391541978575,0.010782241821289062
32,Lasso,0.7858277733141092,0.17485746642164035,0.1469271757566328,0.0
32,ElasticNet,0.7854856115512644,0.17499708691076515,0.14677642751009137,0.0020051002502441406
32,SVR,0.4915707515417289,0.2694125785933521,0.24863541981042453,0.0
32,KNN,0.7045562167363253,0.20537143300182223,0.16444145482810446,0.002005338668823242
32,RF,0.8672374161395484,0.13767036173827787,0.11270072952881555,0.07955312728881836
32,GBR,0.8187688132600108,0.16084926199526117,0.1362796785344265,0.03155398368835449
32,XGBoost,0.8453517652445139,0.14858504119377564,0.12451829464998027,0.11750197410583496
32,AdaBoost,0.9147068420257358,0.1103467896640248,0.08223574748027293,0.12339496612548828
32,MLP,0.6316860512330087,0.22930403071408165,0.20342030098915748,0.11135601997375488
33,TabPFN,0.7096145978967148,0.2795067569134547,0.24170164676017936,9.013493537902832
33,Ridge,0.6322994474964305,0.31452274857362844,0.28186569752711615,0.010874271392822266
33,Lasso,0.6354874688613681,0.31315629955489255,0.28153052343886326,0.0
33,ElasticNet,0.6330908681336436,0.31418408457458663,0.28186801098091646,0.002005338668823242
33,SVR,0.5870677376649405,0.33330691876825547,0.2606447351317477,0.0
33,KNN,0.6648674081742666,0.30027090552258534,0.25506153574215956,0.0
33,RF,0.7652426169504097,0.2513127664082603,0.21710621149295561,0.08297920227050781
33,GBR,0.7997356077635992,0.23211691482407784,0.19100027975244308,0.03853869438171387
33,XGBoost,0.7328506397625565,0.2680908491408257,0.23480516211830063,0.12385845184326172
33,AdaBoost,0.7568641820444396,0.255758097215547,0.217444133768139,0.14308691024780273
33,MLP,0.44606853888790254,0.3860405601013439,0.294412581526496,0.11337924003601074
34,TabPFN,0.6895558366853008,0.22168625693642954,0.180825991644999,9.62730360031128
34,Ridge,0.5665139865350128,0.26195974908973385,0.19667643258354775,0.006633281707763672
34,Lasso,0.5816381190050377,0.2573493493382834,0.19308118167501884,0.0
34,ElasticNet,0.5743712264667247,0.25957478973393455,0.19502171860234682,0.0
34,SVR,0.7473152809808496,0.2000030002426965,0.1632815206138697,0.0
34,KNN,0.5120130146066411,0.2779400560987725,0.19711981186899985,0.003311634063720703
34,RF,0.768869045232265,0.1912828693094603,0.15334993456829213,0.07799124717712402
34,GBR,0.7337760985800815,0.20529129904727655,0.1708199441984352,0.03579401969909668
34,XGBoost,0.7643568287507351,0.19314098879068917,0.15448503386269993,0.1172633171081543
34,AdaBoost,0.786659393999427,0.18377387941537338,0.16085992958304493,0.1388704776763916
34,MLP,0.5649085746071301,0.26244438369522444,0.21167689409358856,0.19854307174682617
35,TabPFN,0.8676774851125366,0.15235999815132076,0.13426752365533506,10.102474212646484
35,Ridge,0.7897295937353218,0.19206275863759317,0.16162115454714085,0.003977060317993164
35,Lasso,0.7805852947014842,0.1961945553441177,0.16582284134517083,0.0
35,ElasticNet,0.7849725365831739,0.19422317593242835,0.16352493742532104,0.0
35,SVR,0.8069297015008567,0.18403982835474744,0.16207683617748597,0.0
35,KNN,0.8262476519789717,0.1745900247836415,0.136138306930583,0.00390625
35,RF,0.7788198646404063,0.19698227335031063,0.16062041909298858,0.08062601089477539
35,GBR,0.8078429249606274,0.1836040577989165,0.15435485132014867,0.039038896560668945
35,XGBoost,0.8626284455474561,0.15523959170661547,0.12761723246065287,0.1308753490447998
35,AdaBoost,0.6835737251338388,0.2356081747361521,0.19117668534040874,0.1469864845275879
35,MLP,-5.4790222047351875,1.066126699461921,0.958815810432535,0.0320436954498291
36,TabPFN,0.7603758521500523,0.25020330985666,0.20964573228274455,10.611886024475098
36,Ridge,0.6854988451453771,0.28664137739079676,0.237727963328169,0.0
36,Lasso,0.6837269990199383,0.2874476877658344,0.23864828779607217,0.0
36,ElasticNet,0.6855676632158241,0.28661001473057157,0.23783195314146927,0.0
36,SVR,0.7760068563353795,0.24190515444978045,0.19079810133597921,0.0
36,KNN,0.6746704259752643,0.29153421525287987,0.2248518377295295,0.0
36,RF,0.8110786026203954,0.222161262325286,0.18552704847912097,0.09577298164367676
36,GBR,0.7997957856683237,0.22869905359674797,0.19507575049544823,0.03173685073852539
36,XGBoost,0.8054507146694718,0.22544602362020208,0.1916964140561242,0.12777042388916016
36,AdaBoost,0.7562392636195471,0.25235367656748625,0.21397825737536663,0.12502741813659668
36,MLP,0.6370893335856943,0.3079127172230355,0.2521143559592708,0.4175848960876465
37,TabPFN,0.7792074392439446,0.185452383379097,0.15747544560244275,10.1038339138031
37,Ridge,0.6537999545265056,0.23222221394161727,0.1889862373213533,0.0
37,Lasso,0.6634430090603902,0.22896521540493103,0.1858249806303854,0.0
37,ElasticNet,0.6610137679733139,0.22979005585828002,0.1852066934799262,0.0
37,SVR,0.7478662761055788,0.19817810438923242,0.1696700412902355,0.0
37,KNN,0.741097163992133,0.2008207592715525,0.17747164862209386,0.0
37,RF,0.8515258816523457,0.15207771496255015,0.11720607242818662,0.09537887573242188
37,GBR,0.8951532489506905,0.12779612619555183,0.08784321561279028,0.06283855438232422
37,XGBoost,0.825008676777562,0.16510052659493993,0.11686804876343054,0.14973020553588867
37,AdaBoost,0.8285611828142795,0.16341607745843095,0.12708224274640947,0.15544366836547852
37,MLP,0.7444633977823616,0.199510960209822,0.1744158025794307,0.3154892921447754
38,TabPFN,0.7877367466991703,0.22896585819409543,0.1704246942667126,12.805779457092285
38,Ridge,0.6919184915716002,0.27584564771033565,0.21371697262859102,0.004797697067260742
38,Lasso,0.7064742030866709,0.2692504624918203,0.21080778718201346,0.0
38,ElasticNet,0.6983761529347625,0.2729393528458893,0.21243549728205716,0.0
38,SVR,0.7114622515102784,0.26695289768739555,0.17737012638491625,0.002005338668823242
38,KNN,0.7508553082037691,0.24806137084074215,0.17816423620992353,0.0
38,RF,0.8047950268542539,0.21957291066804552,0.18137532057657316,0.08503985404968262
38,GBR,0.8100421245133804,0.2166017553844462,0.17800968329417097,0.03185868263244629
38,XGBoost,0.79255776567409,0.22635073590446128,0.18123073226806174,0.12977123260498047
38,AdaBoost,0.8084324008509272,0.21751757269047842,0.17255394671763527,0.13526320457458496
38,MLP,0.6341028833253928,0.30061649967359105,0.21699939420444403,0.19584321975708008
39,TabPFN,0.7749908656089974,0.15612343738992754,0.14031437016053508,11.094939231872559
39,Ridge,0.7621324591913352,0.16052239155814685,0.13280217945052855,0.004082918167114258
39,Lasso,0.7697104353386354,0.15794473719869667,0.13093672722850058,0.0
39,ElasticNet,0.7666237343812529,0.15899972502670118,0.13142467617011544,0.003854513168334961
39,SVR,0.38536557865219123,0.2580337234588276,0.20794559874707988,0.0003142356872558594
39,KNN,0.6770244464621016,0.1870479082150474,0.14613266113522186,0.0
39,RF,0.7864090139253375,0.15211060389448092,0.11783217765393976,0.11348605155944824
39,GBR,0.8046737511767132,0.14546159153532096,0.11703186800481206,0.04873371124267578
39,XGBoost,0.7507014742010695,0.16433417366186184,0.13015549214744326,0.14780187606811523
39,AdaBoost,0.7835946723697964,0.15310945279297478,0.1252629951894728,0.17963027954101562
39,MLP,-14.562271635257838,1.2983880985005716,1.1300285679129298,0.0276486873626709
40,TabPFN,0.697127716410613,0.21767069289030855,0.16770396365659002,10.96209168434143
40,Ridge,0.622300463317401,0.24307674924360145,0.2038765911010272,0.0
40,Lasso,0.6264917143410536,0.24172430145696044,0.20362319953435026,0.0
40,ElasticNet,0.6223568397689396,0.24305860742100466,0.20400773037585845,0.0
40,SVR,0.7253687731489437,0.2072741544632098,0.17008539704307052,0.0
40,KNN,0.5637756342652129,0.26123126508445443,0.21294982430471623,0.0
40,RF,0.7526223586376195,0.19672086070512193,0.1432789572510201,0.09538125991821289
40,GBR,0.7179070521239929,0.210071099397989,0.16665562225475775,0.031496524810791016
40,XGBoost,0.7226522567967755,0.2082967586545871,0.16717173592140283,0.12791681289672852
40,AdaBoost,0.7058053510235625,0.21452977550361216,0.1703440983977354,0.1245427131652832
40,MLP,0.6668133020043,0.22830426301379372,0.18126106980710943,0.11200189590454102
41,TabPFN,0.8179448465164448,0.19054499275553066,0.14989399127019193,10.36670184135437
41,Ridge,0.7091984275265977,0.24082103987284958,0.19459478126749968,0.015240907669067383
41,Lasso,0.7087434308949715,0.24100936405271378,0.19699994940898,0.0
41,ElasticNet,0.7086836139355076,0.24103411148979997,0.19570113981254622,0.0
41,SVR,0.6891795935753008,0.24897217544442968,0.20564593346031884,0.0
41,KNN,0.7129685855549959,0.2392548595829047,0.1715443916522439,0.0
41,RF,0.8373870174029067,0.18008339097974804,0.1475752704926768,0.07646059989929199
41,GBR,0.8322523281850713,0.18290446299957347,0.1463842495436751,0.0546112060546875
41,XGBoost,0.859990006313286,0.16709966148043354,0.116757959997069,0.12847638130187988
41,AdaBoost,0.8278537464314907,0.1852869531459112,0.1580408032347046,0.150496244430542
41,MLP,0.5243235069329446,0.3080008372641893,0.23848940811258781,0.14137530326843262
42,TabPFN,0.7456013033656183,0.15942759635373657,0.13626915929738534,9.78335165977478
42,Ridge,0.76035631074078,0.15473517693096148,0.12098213458228532,0.0031304359436035156
42,Lasso,0.7407063048406965,0.16095409698301805,0.12499066840050753,0.0009996891021728516
42,ElasticNet,0.7492159440893826,0.15829092551412846,0.12285696666164538,0.0
42,SVR,0.5938026541430623,0.2014533984119395,0.17673433608360617,0.002002239227294922
42,KNN,0.8617382220470128,0.11753227053033524,0.09166296036842456,0.0009992122650146484
42,RF,0.7572923222265242,0.15572122622439868,0.13283413069823963,0.08447623252868652
42,GBR,0.6519642902455652,0.18647385994353863,0.15008731735567146,0.040255069732666016
42,XGBoost,0.7087272532504547,0.17059094816962495,0.13189328761163716,0.17068147659301758
42,AdaBoost,0.7491446210863586,0.15831343288910577,0.1261914325745838,0.1497039794921875
42,MLP,0.5637347700080929,0.20877637765205045,0.15558170754289732,0.11647605895996094
43,TabPFN,0.6661164841271313,0.2537849064032683,0.22601988664913283,8.960266828536987
43,Ridge,0.6246835043640311,0.26907114484876704,0.23811874488022508,0.0029985904693603516
43,Lasso,0.6279255690851937,0.2679064769810726,0.23639874088822485,0.0010013580322265625
43,ElasticNet,0.6268464868170784,0.26829468402084444,0.23722890731721633,0.0
43,SVR,0.7024317371084463,0.2395860928402104,0.2218104710734343,0.0009987354278564453
43,KNN,0.6102381764541955,0.2742003151008024,0.23703906561255714,0.0020020008087158203
43,RF,0.7566293694165557,0.21667179636825507,0.1973173894617983,0.08313775062561035
43,GBR,0.7572757179992093,0.21638388443791637,0.19076116393904216,0.03784465789794922
43,XGBoost,0.7725858264707266,0.20944840840470863,0.18790242093996126,0.1029815673828125
43,AdaBoost,0.7687863301727714,0.21119082839685918,0.19370983020113378,0.12846970558166504
43,MLP,0.723847444082742,0.23080373569570675,0.2027991557186591,0.16567420959472656
44,TabPFN,0.8626728191901382,0.2006546758470294,0.18107721560660298,9.241971731185913
44,Ridge,0.8986506595221411,0.17237786432820953,0.13996708437508587,0.0033028125762939453
44,Lasso,0.8988769588495034,0.1721853085880408,0.13691365374747488,0.0009996891021728516
44,ElasticNet,0.899105685982453,0.17199046799186743,0.13844265931592625,0.001001596450805664
44,SVR,0.7261105446923387,0.2833731438536605,0.23246033898284116,0.0009906291961669922
44,KNN,0.8242751418851115,0.22698002156529434,0.19343847576799864,0.0010073184967041016
44,RF,0.7994248790918095,0.24249878311659454,0.20779487209759553,0.08136892318725586
44,GBR,0.7476313578606087,0.2720124159596038,0.2158293657348295,0.0324862003326416
44,XGBoost,0.8185834687986712,0.23062663459265534,0.18712129208357295,0.10682487487792969
44,AdaBoost,0.7580562480753458,0.26633499725757176,0.2208203048795565,0.12301015853881836
44,MLP,0.7815578036235462,0.2530692042973,0.21220531679437193,0.12531518936157227
45,TabPFN,0.851702815713191,0.15501594154780854,0.12950924213498224,8.205467224121094
45,Ridge,0.7601539743403515,0.197140644995821,0.15672080593938784,0.0020051002502441406
45,Lasso,0.7553433018731963,0.19910788769354656,0.15930785193260955,0.0010025501251220703
45,ElasticNet,0.7567826389461105,0.19852133905264974,0.1581517372033723,0.0009968280792236328
45,SVR,0.7877489381062673,0.18545341960269965,0.14173207300139568,0.0009999275207519531
45,KNN,0.783325021139211,0.18737614138935282,0.13789317828389763,0.0010001659393310547
45,RF,0.7225936443172337,0.21201574457207967,0.16574774189552688,0.08097219467163086
45,GBR,0.5687039246890262,0.2643611686094424,0.18777460803209697,0.038805484771728516
45,XGBoost,0.7758255016889869,0.19059127403165296,0.14769067611814005,0.10135221481323242
45,AdaBoost,0.7330200883428211,0.2079932315009771,0.16611439113689797,0.1274576187133789
45,MLP,0.44633489910228186,0.2995252812812936,0.2373632100819984,0.21407318115234375
46,TabPFN,0.7240067808514109,0.19937819378265617,0.1739923809692727,8.743032455444336
46,Ridge,0.5975260005385024,0.24076722428738542,0.2025726661449298,0.0024166107177734375
46,Lasso,0.619193885585059,0.23419650399114517,0.1965686182153966,0.0009989738464355469
46,ElasticNet,0.6074907163243537,0.23776800720383484,0.20008855236222137,0.0009999275207519531
46,SVR,0.3148014472562223,0.314149714789208,0.2563767758906023,0.0010025501251220703
46,KNN,0.5620000632526776,0.25116867535759485,0.21166623528960488,0.001020669937133789
46,RF,0.7729955563400837,0.18081965263782032,0.1412031312482034,0.09703707695007324
46,GBR,0.8142252403339613,0.16357683667144438,0.12292579084948961,0.041265010833740234
46,XGBoost,0.8300542497698553,0.15645289570136636,0.11724803193463568,0.10956835746765137
46,AdaBoost,0.7757147919508849,0.17973339066578511,0.12860291001741686,0.13186311721801758
46,MLP,-0.004956717698619828,0.3804539785781578,0.28136887368122626,0.17052173614501953
47,TabPFN,0.8280657868345949,0.17890217839314415,0.15295940143629003,8.318920135498047
47,Ridge,0.7415629485316684,0.21933698267254084,0.16626048674386965,0.0028638839721679688
47,Lasso,0.7344703041719789,0.22232639449027902,0.16919391095937172,0.0010089874267578125
47,ElasticNet,0.739482222493699,0.22021817452717357,0.16697480630052708,0.0009968280792236328
47,SVR,0.641453582928635,0.2583492288271789,0.20874698662743307,0.0009996891021728516
47,KNN,0.7344217234047373,0.2223467317501314,0.17079346163346598,0.0010013580322265625
47,RF,0.8499661919619594,0.16712023673787066,0.15111870850610437,0.08534622192382812
47,GBR,0.8155918863874132,0.1852782707412591,0.16076766598116274,0.03760480880737305
47,XGBoost,0.7652423789215976,0.2090471860633853,0.18986873189077286,0.10762929916381836
47,AdaBoost,0.8437038217525284,0.17057235886750707,0.14606594672526912,0.12218213081359863
47,MLP,0.5116213986036356,0.3015176845910354,0.23321652952901153,0.23069119453430176
48,TabPFN,0.6254155164514323,0.24132805614415712,0.19776839707632202,8.246983766555786
48,Ridge,0.6705228845473812,0.22633178600909018,0.19509971443295326,0.003434896469116211
48,Lasso,0.6711535029084185,0.22611508303578826,0.19530448777582987,0.0
48,ElasticNet,0.6686794936478437,0.22696405451713664,0.1960375602626567,0.0010099411010742188
48,SVR,0.6879980478302141,0.22024779978962974,0.19872293989970222,0.0009987354278564453
48,KNN,0.7145425173423994,0.2106704576725085,0.17601005252136845,0.0009999275207519531
48,RF,0.7000555592292261,0.21595006120461058,0.16778858417393114,0.0815887451171875
48,GBR,0.6745672009135798,0.22493839073351338,0.18294618744662297,0.04006004333496094
48,XGBoost,0.7107247927773153,0.21207453802756673,0.15999511293143776,0.10405969619750977
48,AdaBoost,0.6922460153258093,0.21874330283593232,0.16470212888709765,0.11990618705749512
48,MLP,0.7275114088416967,0.20582924674134767,0.17848076718782932,0.3249516487121582
49,TabPFN,0.6514126109782009,0.2050200169156807,0.16175525455481454,8.673218250274658
49,Ridge,0.5725973311157291,0.2270173470643733,0.18350300462114988,0.003095865249633789
49,Lasso,0.5734359156180975,0.2267945282626297,0.18145645240102506,0.0
49,ElasticNet,0.5733836548550697,0.22680842077318789,0.18204769011348654,0.0011341571807861328
49,SVR,0.6337395002945402,0.210152940494046,0.17021214891260042,0.0009987354278564453
49,KNN,0.6191674871843124,0.21429273042131902,0.15128003893569966,0.0010004043579101562
49,RF,0.6628799720581668,0.2016195803337173,0.1550951507603681,0.08097195625305176
49,GBR,0.6399178208951537,0.20837290354061697,0.1510893912755489,0.037766218185424805
49,XGBoost,0.6767063172049084,0.1974417713122122,0.14382682718750892,0.11772990226745605
49,AdaBoost,0.7073209616307738,0.18786083096649656,0.1382148343795653,0.14574718475341797
49,MLP,-10.898509947330414,1.1978066456843248,1.0097861617524937,0.024974346160888672
