TabPFN,Ridge,Lasso,ElasticNet,SVR,KNN,RF,GBR,XGBoost,AdaBoost,MLP
0.8404894001334342,0.7831580230088501,0.793091546655829,0.7882713694535843,0.7003810620536948,0.7041682195150485,0.7822070258348371,0.7365662612201938,0.8223041065142709,0.7453024347737036,0.45682678877699734
0.7987209272928381,0.7764011319116522,0.7729958078049768,0.7760708484585013,0.7192597265248023,0.7324331572760534,0.7943487204339719,0.7850434465612135,0.7729298381956724,0.7376566233948798,-0.2902263802248668
0.8270308137460021,0.6863207332160515,0.6924733985380226,0.6865245699866054,0.730369124332409,0.7860604927277477,0.8606110127490103,0.8546272308699644,0.8928820907551084,0.8542165146230939,-0.09745055266542768
0.9201319870654476,0.8728028465377836,0.8697589874986904,0.8717349233470062,0.7928361844189011,0.9143863064078379,0.791741721883495,0.6838963083584766,0.7691507708423494,0.7911705308438695,0.6956976832717372
0.6474108548254334,0.47915223820846675,0.47497232148249946,0.4761650936402928,0.6148988153719155,0.5514959762855398,0.7781924645850583,0.7573738214925355,0.7765505111715459,0.7406817431243725,0.6106238074432068
0.7817005592980995,0.7421485846320673,0.7380051932650042,0.7399201788210364,0.7327855817275493,0.5664362387613442,0.6846046240754915,0.6870995622005278,0.6297650821536622,0.6671693836683759,0.6938863235990068
0.8108795456189771,0.7870595290880906,0.7883405548684983,0.7889147454249636,0.7219770516285713,0.6670872514690066,0.8845737194446641,0.9032662939610278,0.8944220286773296,0.8985698147196834,0.5321540403739027
0.6256299892599033,0.5218581835226369,0.5444252098974918,0.5310640469544461,0.3142193440129034,0.5805387847480022,0.5370665069350105,0.4907299601671361,0.4990773620956509,0.5741683171910581,-0.12755047395695063
0.7716871164064749,0.7267640886025972,0.7293878774827314,0.7292010143582679,0.7366059484628324,0.6232735005195398,0.863364354846553,0.7991456250571003,0.7614207802261577,0.8666789114101314,0.41063608154537456
0.8468767640721451,0.8092911065239721,0.8008702025803505,0.8044462562462055,0.7615265893498862,0.791466794567363,0.7865610541786645,0.7333623101769129,0.7615175935771901,0.7230238197007736,0.7222111009598489
0.855876525607294,0.8740220985790091,0.8815238146707165,0.8784599672526647,0.6160955493716966,0.827645102670145,0.8372796328843166,0.8765475094376598,0.8365851424328637,0.8044965375146151,0.6203089738923535
0.6924014940215347,0.6893403010683092,0.7007426090081128,0.6952815456716892,0.6218931756863828,0.5227912111461521,0.6028251286440567,0.543205102391722,0.7213958476429528,0.5645599710967899,0.7051568801742494
0.888909905635943,0.7600069073758237,0.7614670231991354,0.7655023929574083,0.8245924446193893,0.7153516704685788,0.8759010537224083,0.8825392563653955,0.8844026246866717,0.8372845754793786,0.6880281456318635
0.6344940806276889,0.5219457695953691,0.522830334786321,0.5217833194298818,0.6892587286061016,0.504417020155113,0.6168662992724225,0.6177629707191254,0.6218207810576332,0.5633408545366616,0.3533618255688976
0.8203911075174886,0.8142231324895932,0.8110711310160061,0.8131499623819616,0.8030633303395133,0.8391443372753307,0.8435130760270838,0.8288820885198924,0.9027300249828674,0.8601315075003452,0.69045973251004
0.8800929247087237,0.8236283226381977,0.8245042258128997,0.8243542428329337,0.6364200085123219,0.752896427778095,0.8895564063928418,0.8696211158322492,0.8714634235470933,0.8841201644975315,0.5647724916975116
0.733338387708586,0.694599060216079,0.6946126181285425,0.6946023562272077,0.7237991335298857,0.7621494620170666,0.7664579342882678,0.7594529344528347,0.7719845521036731,0.7086768759079092,0.5392156206976833
0.8972145551804348,0.8300883749312182,0.8330809157684057,0.834940371137503,0.844309820362114,0.8863940962760102,0.9317825839379906,0.9080304772491552,0.925819742867006,0.9047133024611105,0.7500977119845098
0.7841601133210557,0.7784275944055801,0.7854161059473734,0.7834132010569148,0.6572208098095572,0.6513047075832814,0.7989646624369906,0.7885993254611042,0.7081032917468424,0.8238043908784778,0.6713941532624632
0.50094879949535,0.427159524809805,0.44491606283795126,0.4367517775043389,0.3944609049441843,0.10945938336159577,0.36623317246760134,0.29502054310399195,0.23668879317219382,0.40939749452320173,0.4734511549000431
0.8318888123346727,0.8494617775708325,0.8516936763719468,0.8513338219352253,0.7081182853209578,0.811063082174847,0.8635815338265622,0.7731813878566755,0.7547427052907085,0.876606600856827,0.8469645435067943
0.8151481906783591,0.7910591872038274,0.7821978160988059,0.7862140134472771,0.7294796455913132,0.798724011741423,0.7947984128614125,0.7345640233257043,0.7595270053603247,0.7579399683220813,0.7428537695091619
0.9063502932541001,0.8461558622203467,0.8436553469176467,0.8455202174822805,0.8441400119151152,0.8380282189488975,0.7816410332375415,0.7909740118850165,0.7931501568105502,0.7992949939374185,0.6724603009157397
0.7583306188091397,0.6531525189029224,0.6625941272434364,0.6582747902301318,0.5677612575539903,0.7438837166281627,0.7945129418428907,0.8107056540398542,0.8297317101653856,0.8010477131455074,0.4534051128133476
0.6851586585796878,0.5858139322820337,0.596698309838074,0.5922451906985654,0.5158764100282519,0.39456880046780396,0.7124191612939021,0.7100658057016669,0.7472609918370801,0.7468438344476994,0.37812148490200614
0.4393020249126902,0.4404016501024789,0.4507276689269538,0.444763978973147,0.48396840266603147,0.47870479030739255,0.46002287840306433,0.3830711847451659,0.5564203314999958,0.4521380372281667,0.3637250604184439
0.807023296456813,0.7705924212157992,0.7811427320336701,0.7764077414236885,0.6167928868371205,0.7029334243214201,0.7935538817908205,0.7228620166118677,0.7842960103342702,0.7765875351055653,0.5122198718036951
0.8954597087872023,0.8600851228691098,0.8527826215682639,0.8575044798104772,0.8320668660361927,0.8627888641597891,0.8451348190294239,0.8609862761300373,0.8739324291467686,0.7841943496161277,0.8566157652194586
0.9055537333199446,0.8015322986096702,0.7986792211036968,0.799956294036213,0.8251503385860808,0.8140509515388064,0.9187250799345054,0.887417949690047,0.9222694049241882,0.8961005087115642,0.7933727229694589
0.8207829307964615,0.7648214256103614,0.7676826500239511,0.7673452800105031,0.6720512034114449,0.6806227721448124,0.792336054478745,0.7829887178257107,0.7350780097223228,0.8278773833381106,0.6595592391669085
0.8863657929083307,0.8444763188383768,0.8346745673328795,0.8405477722268943,0.8578313186962161,0.8342972351491722,0.7933232446927464,0.7620522444180785,0.7290956291329171,0.7820811221219414,0.7307172079854714
0.8228419740576736,0.7793374364820885,0.7733548628251123,0.7734142447367767,0.6671986622942792,0.7723218437494654,0.7414750246858821,0.5592753404790307,0.6521319491952485,0.7711330461192039,0.7262856641993107
0.7696845735306659,0.7866014905212451,0.7858277733141092,0.7854856115512644,0.4915707515417289,0.7045562167363253,0.8672374161395484,0.8187688132600108,0.8453517652445139,0.9147068420257358,0.6316860512330087
0.7096145978967148,0.6322994474964305,0.6354874688613681,0.6330908681336436,0.5870677376649405,0.6648674081742666,0.7652426169504097,0.7997356077635992,0.7328506397625565,0.7568641820444396,0.44606853888790254
0.6895558366853008,0.5665139865350128,0.5816381190050377,0.5743712264667247,0.7473152809808496,0.5120130146066411,0.768869045232265,0.7337760985800815,0.7643568287507351,0.786659393999427,0.5649085746071301
0.8676774851125366,0.7897295937353218,0.7805852947014842,0.7849725365831739,0.8069297015008567,0.8262476519789717,0.7788198646404063,0.8078429249606274,0.8626284455474561,0.6835737251338388,-5.4790222047351875
0.7603758521500523,0.6854988451453771,0.6837269990199383,0.6855676632158241,0.7760068563353795,0.6746704259752643,0.8110786026203954,0.7997957856683237,0.8054507146694718,0.7562392636195471,0.6370893335856943
0.7792074392439446,0.6537999545265056,0.6634430090603902,0.6610137679733139,0.7478662761055788,0.741097163992133,0.8515258816523457,0.8951532489506905,0.825008676777562,0.8285611828142795,0.7444633977823616
0.7877367466991703,0.6919184915716002,0.7064742030866709,0.6983761529347625,0.7114622515102784,0.7508553082037691,0.8047950268542539,0.8100421245133804,0.79255776567409,0.8084324008509272,0.6341028833253928
0.7749908656089974,0.7621324591913352,0.7697104353386354,0.7666237343812529,0.38536557865219123,0.6770244464621016,0.7864090139253375,0.8046737511767132,0.7507014742010695,0.7835946723697964,-14.562271635257838
0.697127716410613,0.622300463317401,0.6264917143410536,0.6223568397689396,0.7253687731489437,0.5637756342652129,0.7526223586376195,0.7179070521239929,0.7226522567967755,0.7058053510235625,0.6668133020043
0.8179448465164448,0.7091984275265977,0.7087434308949715,0.7086836139355076,0.6891795935753008,0.7129685855549959,0.8373870174029067,0.8322523281850713,0.859990006313286,0.8278537464314907,0.5243235069329446
0.7456013033656183,0.76035631074078,0.7407063048406965,0.7492159440893826,0.5938026541430623,0.8617382220470128,0.7572923222265242,0.6519642902455652,0.7087272532504547,0.7491446210863586,0.5637347700080929
0.6661164841271313,0.6246835043640311,0.6279255690851937,0.6268464868170784,0.7024317371084463,0.6102381764541955,0.7566293694165557,0.7572757179992093,0.7725858264707266,0.7687863301727714,0.723847444082742
0.8626728191901382,0.8986506595221411,0.8988769588495034,0.899105685982453,0.7261105446923387,0.8242751418851115,0.7994248790918095,0.7476313578606087,0.8185834687986712,0.7580562480753458,0.7815578036235462
0.851702815713191,0.7601539743403515,0.7553433018731963,0.7567826389461105,0.7877489381062673,0.783325021139211,0.7225936443172337,0.5687039246890262,0.7758255016889869,0.7330200883428211,0.44633489910228186
0.7240067808514109,0.5975260005385024,0.619193885585059,0.6074907163243537,0.3148014472562223,0.5620000632526776,0.7729955563400837,0.8142252403339613,0.8300542497698553,0.7757147919508849,-0.004956717698619828
0.8280657868345949,0.7415629485316684,0.7344703041719789,0.739482222493699,0.641453582928635,0.7344217234047373,0.8499661919619594,0.8155918863874132,0.7652423789215976,0.8437038217525284,0.5116213986036356
0.6254155164514323,0.6705228845473812,0.6711535029084185,0.6686794936478437,0.6879980478302141,0.7145425173423994,0.7000555592292261,0.6745672009135798,0.7107247927773153,0.6922460153258093,0.7275114088416967
0.6514126109782009,0.5725973311157291,0.5734359156180975,0.5733836548550697,0.6337395002945402,0.6191674871843124,0.6628799720581668,0.6399178208951537,0.6767063172049084,0.7073209616307738,-10.898509947330414
