No,Region,A_km2,H_m,L_km,D_km,J_permille,V_landslide_1e4m3
1,Gaochuan,0.22326677021813912,0.0703648386993556,0.1593815389678846,-0.02346581743915336,0.0553688672802042,-0.007348877688607992
2,Gaochuan,-0.20329723808442343,-0.20981100103250655,-0.0385650702129023,-0.0054554558712950835,0.026823736927352758,-0.14054069920652246
3,Gaochuan,-0.05257952782808146,-0.36644655681939686,-0.014115517403495094,0.009185550224988513,-0.010008342057340134,-0.3949749292336668
4,Gaochuan,-0.1813523568624388,-0.371230496400714,-0.13784894759808075,-0.030343203324844137,0.008837578625437277,-0.44841415536630747
5,Gaochuan,0.18588096605941115,0.09508251651245188,0.12335854108790079,0.011919157955104698,0.04001205470759172,0.5001406061327096
6,Gaochuan,0.22152144585616526,0.06855481893034142,0.06295259139070661,0.0606513285239771,0.014614937923950813,0.32118095677738584
7,Gaochuan,0.15381379601567066,-0.1436788647547556,0.0013051740888336753,-0.009610534425026162,0.04098728222161437,0.04748978704297508
8,Gaochuan,-0.18221829549390722,-0.25382214015063076,-0.14487451614345226,-0.024272157575528176,0.004018665390210532,-0.0937745127853265
9,Gaochuan,0.0540922454948042,0.10054466605191606,0.03206184555149924,-0.002789858382282917,0.01060973380096992,0.5614512514776165
10,Gaochuan,-0.21056000182487025,-0.3230713671943856,-0.24850064730586285,-0.023635202299720014,-0.002993028738086526,-0.3258292533801377
11,Gaochuan,0.05611925083751673,0.0410939622489041,-0.1234840492272635,-0.018872829947154345,-0.028714491505156092,0.4126255665987109
12,Gaochuan,-0.12276580445244438,-0.19957288530875095,-0.20887912103145045,-0.013892770665858782,-0.060598689951106476,-0.1612129698637951
13,Gaochuan,0.35173049292701286,0.08858422664669068,0.1282288541186018,0.059723562246441465,0.04034639394917729,0.4354856309947335
14,Gaochuan,0.06949275238429253,0.1059975278290722,-0.16803770736951829,-0.022076951328866563,-0.060347968474543795,-0.621218369303039
15,Gaochuan,0.10204060712134858,-0.03708651892091006,-0.029489892551730346,-0.022277209904792296,0.007855727878869357,0.24121200189065395
16,Gaochuan,-0.20086555526717867,0.13230961941474362,-0.0937612225017001,0.07978690082792815,-0.05108364835862032,-0.20536426748469927
17,Gaochuan,0.11627732451280016,0.09056549252957254,-0.16627419900740814,0.07069648334885598,-0.06680914737979826,-0.05070192471696903
18,Gaochuan,0.14573653216767138,0.10014137550900087,-0.14715304405738233,0.058990272000462744,-0.051098477219434925,0.4434632845499667
19,Gaochuan,-0.12576312365171227,-0.23027196604420236,-0.21412893427322374,-0.00211523380054026,-0.06924491495029407,0.31996819530084314
20,Gaochuan,0.07504454351221393,0.016028000820728836,0.041243238752619586,0.037439417889720404,0.039740501743996,0.19090314988761378
21,Gaochuan,-0.1303912683871421,-0.09258200824797065,-0.21657700140769015,-0.015273035299424892,-0.10722887938148039,-0.12233484061620335
22,Qingping,-0.10083906089797358,-0.15913334073203025,-0.20711737415583906,-0.020955208350695382,-0.075181967636276,-0.1877783457003145
23,Qingping,-0.14557596353442379,-0.2258874728300166,-0.21483705268220113,-0.019776285754329978,-0.06889427112336986,-0.17945945707725755
24,Qingping,-0.14129765640326072,-0.20162353091668864,-0.19188755734442692,-0.021184288995662277,-0.04807811561725677,-0.1664362516894919
25,Qingping,-0.12655957878252755,-0.18302562254206922,-0.20660442906457724,-0.022110209800257845,-0.06117339836565421,-0.2179372362717088
26,Qingping,0.14518026963812306,0.06035122729539637,0.15831222097434888,0.04900950018538677,0.0481446120625116,0.5197988689714906
27,Qingping,-0.12676219824533175,0.1251737118172622,0.048861672821540976,-0.008156916003822715,0.01074977801071007,0.3241553629528628
28,Qingping,0.11432181718626014,0.06246724223360631,0.11286182252129874,-0.005409487909800929,0.04004135086883637,0.11620762343200047
29,Qingping,0.1788319120038929,0.072647646859617,0.11784040950144387,0.03179914818465418,0.062342106699963734,0.3019018786112498
30,Yingxiu,0.14704433592626676,0.07960000631003403,-0.0517481752701501,0.05532958658982478,-0.010575424062034006,-0.026543914502723823
31,Yingxiu,0.07567247933271254,0.05695378924878021,0.15123731641517116,0.04011840043239897,0.04473474564968341,-0.09002078638090817
32,Yingxiu,0.07306285451113208,0.06258869886218008,0.16027214548296786,0.03555842245836644,0.00832325677945043,0.040010919085334974
33,Yingxiu,0.10870986102937485,0.10051367619052498,0.10791550716489921,-0.0031232633353766854,0.021568878434487935,0.060012443983052305
34,Yingxiu,0.17257190190938715,0.06969678504514089,0.16868880571066527,0.006500954298254731,0.04740366300173206,0.361631277373113
35,Yingxiu,-0.011353049681363548,0.06753469166701585,0.054527578299537,-0.0034755745948274012,-0.0332430707693985,0.286177048304127
36,Yingxiu,0.3097894558971828,0.14167765924094894,0.24653187098508747,0.008932876239090868,0.046003379039602346,0.3943071928361801
37,Yingxiu,-0.28872257985596883,0.1562445353427039,-0.0799850676287169,-0.023021393116700716,-0.017496909663911656,0.4249988674363054
38,Yingxiu,0.12129612053174114,0.08303650003344488,0.15587843555556577,0.0397255706326295,0.05439283752087446,0.1549355100023367
39,Yingxiu,-0.03161236123275296,0.11801198467126468,0.038345545412605146,0.05311219336605766,-0.008898322143492607,-0.14459635549467562
40,Yingxiu,0.11978798075014574,0.04108656814389028,0.10059956438818607,-0.010301251218653776,0.005468991823126152,0.09557284273899073
41,Yingxiu,-0.14603875852704323,0.0892059178180354,-0.2962074538347617,-0.026214375926097294,-0.04793944048745556,-0.544829618890183
42,Yingxiu,0.18605362917276835,0.07429535687456378,0.17016458644198776,0.0006852994814017369,0.046043900846281315,0.194759904846756
43,Road 213,0.2172242140412334,0.1283196446270603,0.17925227574995334,-0.007368770749365919,0.0015020415539247398,0.17332192448998648
44,Road 213,-0.20925256391333416,0.09546847980434756,0.12292960885491318,-0.024900178502609567,0.015454515451955078,-0.5927583292215397
45,Road 213,-0.16619965921293536,0.06377162105320539,-0.044145317025195155,-0.036838292328561326,-0.05989453407757112,-0.23925815138345236
46,Road 213,-0.29466383762876736,0.0707967904183367,-0.022024882422965766,-0.03754031144479075,-0.04605197971563159,-0.5611183713047507
47,Road 213,0.21276330078367875,0.15834088646649133,0.20622596287297223,-0.015391749136936368,0.017455930416698337,-0.14597807837849888
48,Longchi,-0.21237053384053378,-0.07881243067936951,-0.11521155616474794,-0.01994117131695315,-0.003124244945606735,-0.30524724429452993
49,Longchi,0.20309745616501715,0.05718255022820002,0.16858494416867845,-0.010513355872679372,0.01541605419541883,0.300827534948978
50,Longchi,-0.029084375761226817,0.09285570163453258,0.011286628432212719,-0.01808916248654301,0.012719611937521549,-0.29790755498209986
51,Longchi,-0.07588961352372693,0.0828087939437186,0.007381186041443179,-0.02744639237601662,-0.008665235289105755,-0.25245390924024175
52,Longchi,-0.22740904583410454,0.1401609468027611,-0.037778915658255634,-0.036620794815538524,0.008010174391283138,0.26317094348278375
53,Longchi,0.17359076663539433,0.0455695553910629,0.15406055333095453,0.044518313058462385,0.019392194396850842,-0.41643295070846204
54,Longchi,-0.222951983302909,-0.24948468165982735,-0.13880199541557448,-0.015708906612005028,-0.015244201967712739,-0.29806435585574165
55,Longchi,-0.2238012091348247,-0.2533921190295679,-0.13889832648702227,-0.02561729486271927,0.014412392405822283,-0.3442740598869318
56,Longchi,-0.21824505024997204,-0.2468772434611607,-0.11884225913551522,-0.01952838482044893,0.016012998966413144,-0.2547699972472375
57,Longchi,-0.251617500058886,-0.08209194448722024,-0.0335042329407526,0.05635369115262364,0.014057099836527573,-0.15317737561275716
58,Beichuan,-0.1604724091184632,0.10821270821639874,0.16616089192005715,-0.007548007512436307,0.04056238346338939,0.14754687666861427
59,Beichuan,0.1626520471554272,0.08817381171211473,0.13103923569521428,0.02399973332990076,0.055925625996482736,0.4984221395225816
60,Beichuan,0.27573175587211673,0.08734471209160356,0.22954108657496208,0.05689369323942501,0.05975498591095089,0.16539414607692607
